news ID,url,title,time,content
apl201707080119000,http://www.appledaily.com.tw/realtimenews/article/finance/20170708/1156700/爭取理想薪資很難？　CNBC教你3招,爭取理想薪資很難？　CNBC教你3招,2017/07/08 01:19,根據專門追蹤企業薪資的美國市調公司PayScale，超過25%的人因為對談論薪資深感不自在，所以從不曾主動提出薪資要求。但這不代表你就該接受現狀。美國財經媒體CNBC提供了幾招薪資溝通訣竅：No.1使用精確的數字陳述想進行任何成功的薪資協商，首先記得先做好功課。例如PayScale《薪資調查》這類網路公開資訊，就提供了大量可能和你資歷背景相當、相同職位人員的薪資水準範圍。但如果你被要求給出一個薪資水準，切記要提出具體數字（例如5.2萬美元），這將比提出一個約略的數字或某個範圍更具說服力，因為那會讓面談主管覺得你很「內行」。只要你所給出的數字是在恰當且可接受範圍內，那麼就值得一試。No.2擬定你的溝通策略在與握有招聘大權的人事部經理面談前，你可能會煩惱到底該從何切入討論薪資，自己先提出要求比較好嗎？還是讓人事經理先擺出價碼？對這個問題有兩派看法，一是讓他們先提出薪資數字，因為這樣你就能得知他們對這個職位的真正預算。另一派則認為由自己主動先提出薪資要求，能夠掌握談話的主軸。但重要的是先決定你的策略，並適時隨機應變。最糟糕的局面就是你對此毫無準備。No.3利用電子郵件溝通the balance求職專家Alison Doyle認為，在進行薪資溝通時，「最好是親自當面討論或透過電話」，因為這樣比較不會單純陷入數字上的你來我往。但她表示，如果態度與詞語足夠謹慎，透過電子郵件也行得通。Alison Doyle建議，電郵開頭可以先向這家公司表達你對這個職缺十分有興趣，然後詢問這個職缺的薪酬方案是否具有任何彈性空間。她也提供了一個範例供讀者參考。（劉利貞／綜合外電報導）
apl201707080112000,http://www.appledaily.com.tw/realtimenews/article/international/20170708/1156699/遼寧號燃油疑不符環保條例　港府稱軍艦不受限,遼寧號燃油疑不符環保條例　港府稱軍艦不受限,2017/07/08 01:12,中國第一艘航空母艦遼寧號7日訪香港，不過此軍艦使用的燃油被質疑不符香港條例規定。公共專業聯盟政策召集人黎廣德指，自2015年7月1日起，《空氣污染管制（遠洋船隻）（停泊期間所用燃料）規例》規定所有進入香港停泊的遠洋船隻必須轉用須轉用合規格燃料，包括「低硫船用燃料」，他質疑遼寧號現時使用重油，涉違反相關條例，認為港府應禁止遼寧號的使用不合規格的燃料。香港環境局及環保署回覆，《規例》並不適用於所有國家的軍艦，包括遼寧號。 黎廣德指，1988年首次下水的遼寧號屬舊型船隻，大多使用重油，即不符香港《空氣污染管制（遠洋船隻）（停泊期間所用燃料）規例》規定，暫時未知遼寧號是否改裝油箱並轉用合香港規格的燃料。香港《蘋果》記者翻查香港環保署《空氣污染管制（遠洋船隻）（停泊期間所用燃料）規例》指南指出，遠洋船隻在停泊期間排放的二氧化硫，佔其在香港水域內的總排放量約四成，故要求遠洋船隻在停泊期間須轉用合規格燃料。包括要使用「低硫船用燃料」；即指含硫量不超過0.5%（以重量計）的船用燃料；「液化天然氣」或「任何環境保護署署長認可的燃料」，即該燃料所能減少的二氧化硫排放，至少等同於使用低硫船用燃料，所減少的二氧化硫排放。香港環境局及環保署回覆，空氣污染管制（遠洋船隻）（停泊期間所用燃料）規例（第311AA章）規定遠洋船在香港停泊時須使用合規格燃料。但《規例》參考國際間對軍艦或其他作軍事服務的船隻豁免管制的慣例，故《規例》並不適用於所有國家的軍艦或其他作軍事服務的船隻。換言之，遼寧號在香港停泊期間所使用的燃料不受《規例》所規管。（大陸中心／綜合外電報導）相關報導：陸首艘航母抵港　軍事迷：船底生鏽掉漆
apl201707080103000,http://www.appledaily.com.tw/realtimenews/article/international/20170708/1156698/122國支持　聯合國通過禁止使用核武,122國支持　聯合國通過禁止使用核武,2017/07/08 01:03,歷經數月討論，面臨擁核武國家和其同盟國的強勢反對下，聯合國7日表決通過禁止使用核子武器，這也是聯合國首次批准禁核武協議。該表決在所有擁核國家以及受其保護的國家杯葛下進行，獲122個國家支持，荷蘭雖其領土上有美國部署核武，也參與表決，是唯一投下反對票的國家，新加坡則棄權。美國則是最強烈批評這項表決的國家，指北韓擴大核武和飛彈計畫，所以美國必須持續擁核武。會議主席鞏梅茲（Elayne Whyte Gómez）表示「70年前全球就知道核武所帶來的破壞力，從那天起就有呼籲禁止核武的聲音，這項協議清楚顯示國際社會希望轉向不包含核武的防衛。」這份10頁的協議將於9月聯合國大會上開放給所有聯合國成員簽署，50個國家簽署即生效，一旦簽署，表示該國家同意不會研發、測試、生產以及持有核武，不會威脅使用核武，也不會在其領土上允許部署核武。雖然擁核武國家很可能不會簽署，但支持這項協議的國家認為這是朝無核世界邁進一大步。（周佩萱／綜合外電報導）推薦報導：【互嗆片】痛斥北韓射彈　美嗆「不惜一戰」
apl201707080055000,http://www.appledaily.com.tw/realtimenews/article/international/20170708/1156691/【撲朔迷離】家屬指劉曉波沒病危　聯合國要求緊急探視,【撲朔迷離】家屬指劉曉波沒病危　聯合國要求緊急探視,2017/07/08 00:55,肝癌末期卻仍遭當局嚴控的諾貝爾和平獎得主劉曉波前日驚傳病危，中國當局則罕見地在短短12小時內發出4份病情通報，似暗示劉病況不樂觀。但其家屬昨又指劉病況穩定，可交談、進食、行走。鑒於當局禁令劉曉波夫妻無法公開發言，使其病況陷入「羅生門」，聯合國昨表態關切病情，並向中國當局請求「緊急探視」，網友也發起赴瀋陽獻花活動聲援劉曉波。此同時，中國國家形象則整體下降。現於瀋陽中國醫科大附屬第一醫院留醫的劉曉波，前傳病危消息震驚各界，而中國當局不但首度透過官方《環球時報》以英文方式報導劉曉波病情，醫院也首次在短短12小時內連發4份通報，詳述劉曉波自上月7日以來入院診療情況與最新病況，更證實劉已暫時停藥，暗指劉曉波癌末發展不樂觀。面對劉健康惡化卻無法獲得自由的現況，聯合國發言人史勞塞爾（Elizabeth Throssell）昨公開表達關切，並稱聯合國人權高級專員胡笙（Zeid Ra'ad al Hussein）已向中國提出請求，讓聯合國高級官員探視劉曉波與其妻子劉霞，惟中國遲未回應。此外，歐洲議會前日也通過決議，呼籲中國當局讓劉曉波出國就醫並釋放台灣NGO工作者李明哲，但中國外交部發言人耿爽昨對此則痛批「堅決反對歐洲議會利用個案干涉中國內政」。（大陸中心／綜合外電報導）推薦閱讀：普普會相見歡 期待美俄正向發展遼寧號抵香港 圖解艦身結構
apl201707080052000,http://www.appledaily.com.tw/realtimenews/article/sports/20170708/1156696/【溫網】詹詠然／辛吉絲草地9連勝　晉溫網女雙16強,【溫網】詹詠然／辛吉絲草地9連勝　晉溫網女雙16強,2017/07/08 00:52,台灣職業網將詹詠然搭檔前世界球后辛吉絲(M.Hingis)組合，今凌晨在溫布頓網球錦標賽女雙32強中面對俄羅斯組合季拉米滋(N.Dzalamidze)／庫德爾梅托娃(V.Kudermetova)，詹／辛配再度展現完美的發球局，以完美不失任何被破發點的狀況下，只花56分鐘就以6比1、6比3獲勝晉女雙16強，詹／辛配也延續兩人草地賽事9連勝不敗紀錄。詹／辛配組合今面對這組俄羅斯組合，後者曾在去年來台在台北海碩盃女雙打進決賽，最終才敗給台將莊佳容／張凱貞組合，這回俄羅斯組合一開始面對詹／辛配同樣一開始被攻的來不及守，首盤，詹／辛配連續在第2、4局破發、連下5局，輕鬆以6比1先拿下首盤。第二盤，詹／辛配在第1局就率先破發，此後雙方連7局互保，在第9局對方的賽末發球局中，再被詹／辛配破發，最終詹／辛配就以6比3拿下勝利晉16強，等於詹家姊妹前後都順利搶進今年溫網的女雙16強。(詹健全／綜合報導) 
apl201707080035000,http://www.appledaily.com.tw/realtimenews/article/international/20170708/1156692/九州暴雨成災　防衛省鬧真空挨批,九州暴雨成災　防衛省鬧真空挨批,2017/07/08 00:35,日本九州地區連日豪雨引發土石流，重創福岡及大分兩縣，至7日已有7人死亡。但防衛大臣稻田朋美缺乏危機管理，6日竟未坐鎮防衛省逾1小時，遭在野黨痛批，稻田7日解釋，當時是去參加早已安排好的研討會，期間繼續接獲災情匯報，最後她縮短會議時間提早返回防衛省，「連午餐都沒吃就趕回來」。6日中午，氣象廳已向福岡及大分兩縣發出大雨特別警報，自衛隊正積極搜救災民，但防衛省三巨頭：大臣稻田朋美、副大臣若宮健嗣及大臣政務官小林鷹之，卻同一時間全部離開防衛省，令該省在災情嚴重之際一度「真空」40分鐘。九州地區受南瑪都颱風外圍環流及梅雨鋒面交互影響，5日開始下起超大豪雨，福岡及大分河川暴漲，引發嚴重土石流，陸橋崩裂，沿岸數十輛車遭掩埋，不少民宅被樹砸中。雨勢至昨仍未停歇，福岡、大分、熊本3縣至昨共疏散14.2萬人。福岡和大島因對外道路中斷，約有700人受困，2200人暫居收留中心。（國際中心／綜合外電報導）相關報導：日九州暴雨釀7死　真子公主明訂婚記者會取消 
apl201707080032000,http://www.appledaily.com.tw/realtimenews/article/strange/20170708/1156640/【解密片】Jolin臉上的斑原來是這樣遮的,【解密片】Jolin臉上的斑原來是這樣遮的,2017/07/08 00:32,想打造零瑕妝感，又藏不住惱人斑點和黑眼圈嗎？《蘋果副刊》特邀天后名媛御用彩妝師簡淑玲，揭秘心機遮瑕偽妝術！ 上完底妝後對抗斑點，老師建議將粉底與膏狀遮瑕，以1:1的比例調和。選用小刷子以少量多次的方式將斑點蓋住，更特別叮嚀不要用蓋斑膏，因為一次用很多的量下去蓋它，在炎熱夏天很容易發生如土石流般的花妝現象。 針對煩人黑眼圈與淚溝，因為光影的關係產生凹痕，一般人會選用較白的色號來遮，但往往過一段時間會反黑或變灰。可在淚溝顏色深的地方選用帶一點米黃色的遮瑕，千萬不要使用太白的顏色， 因為越白它就會變成灰反而更蓋不掉。 面對痘痘和痘疤，這種突如其來的臉色危機，常常越來越厚，越蓋越明顯。老師更建議使用小刷子上一點點的粉底，就像刷油漆一樣，把它慢慢推開， 更容易蓋住這些小瑕疵。 大家最常碰到的問題除了斑點還有如何購買粉底，為避免臉部與脖子膚色色差，建議一次購買兩罐來做調和，選擇含水量較多的粉底液，而全系列的中間色號是必買款，另一罐則依照個人膚色，偏白的人可以選往前一至兩色的色號，偏建康膚色的人則反之選往後一至兩色的色號。運用兩色粉底調和，讓你不再面有菜色，輕鬆變身完美女神！​​​(賴姿穎/台北報導)想看更多蘋果副刊流行及美容資訊，快加臉書社團「蘋果花愛漂亮」推薦閱讀：【養眼片】直擊AV女優三上悠亞　祕密來台拍寫真【燒腦片】看完這部 腦袋都打結了【實在片】刨冰店裡的百萬音響 
apl201707080025000,http://www.appledaily.com.tw/realtimenews/article/life/20170708/1156669/買雜誌送限量電動車　結果一本要900萬元,買雜誌送限量電動車　結果一本要900萬元,2017/07/08 00:25,先別高興得太早！日版電子商務平台《亞馬遜》每年都會舉辦Prime會員限定的大型優惠日，不管是流行服飾、零食飲料、居家雜貨，每一個類別都會推出一些優惠商品，不過今年最受大家關注的是一本電動車雜誌，為什麼呢？因為這本雜誌隨書附送的贈品，竟然是全球限量的的電動車！只有3部！送完就沒嚕！根據《日本集合》報導，這款附贈的電動車「TESI-3D CR Special Edition」引擎是由意大利Pistal Racing所製的高壓縮活塞、離合器則是STM製的逆滑式離合器，框架除了採用防蝕鋁物料外，還塗上鍍鈦金，加上Bimota獨有的中心轉向系統，能讓這台車的各項性能在不互相干擾下發揮最佳性能！可惜這本《RIDERS CLUB 2017年8月号 No.520》的售價是日幣900萬又905元，所以.......，除非你的口袋夠深，不然還是看看就算啦。（即時新聞中心／綜合報導）【免費推薦】買遊戲送VR婚禮　宅宅終於能和女神在一起了嫩男搞大女兒肚拒婚　老爸不解：這叫真愛？裝鬼騙4虎尾女學生獻身　色老闆扯是補陽氣直擊不到3坪直播間！ 半小時賣掉4萬塊的雨鞋
apl201707080025001,http://www.appledaily.com.tw/realtimenews/article/life/20170708/1156690/一夜七次郎不是夢　吃這六種食物就對了,一夜七次郎不是夢　吃這六種食物就對了,2017/07/08 00:25,壯陽補腎吃什麼好？對於腎虛、性功能下降的人士來說，通過飲食改善調理是比較方便、安全的方式，《澳洲新聞網》整理出了6種有壯陽補腎、改善性功能的食物，提供給各位軟鳥族參考參考。1、栗子栗子除了可以熟食外，生吃栗子具有更好的補腎效果，需注意的是栗子雖好，生吃太多也會難以消化，一般而言，每天食用栗子的量以5到10顆為宜。2、黑木耳黑木耳性味甘平，具有補氣補腎、涼血止血等功效，平常調理方便，可炒、燒、燴、燉，既可作為主要材料，也能作為煲湯中的配料。3、黑米黑米屬於糯米類，含有豐富的蛋白質、氨基酸以及鐵、鈣、錳、鋅等微量元素，長期食用可延年益壽。4、黑豆黑豆味不僅形狀像腎，蛋白質含量高達40%，相當於肉類的2倍、雞蛋的3倍、牛奶的12倍，具有補腎強身、活血利水、解毒、潤膚的功效，特別適合腎虛、高血壓、心髒病等患者。5、黑芝麻黑芝麻含有多種人體必需氨基酸，能加速人體的代謝功能，有補肝腎，潤五臟、護髮的功用。6、黑棗黑棗性具有豐富的營養價值，如碳水化合物、膳食纖維、脂肪、果膠和蛋白質等、同時還含有豐富的維生素和礦物質，更重要的是黑棗中含有單寧和黃色素等生物活性物質。可大大增強身體免疫力。（即時新聞中心／綜合報導）【小編推薦】單身狗的五大藉口　你中了幾個？嬰兒猝死症不要怕　爸媽必知的預防8招
apl201707080024000,http://www.appledaily.com.tw/realtimenews/article/strange/20170708/1156495/【歡樂片】看鴕鳥進食寶寶反應超逗趣,【歡樂片】看鴕鳥進食 寶寶反應超逗趣,2017/07/08 00:24,臉書JukinVideo近日分享影片，一對夫妻帶著寶寶來到野生動物園區，把車窗搖下，讓鴕鳥能探頭吃東西，沒想到寶寶看到鴕鳥接近車門，不僅絲毫不感畏懼，還被牠吃東西的舉動逗得哈哈大笑，誇張的笑聲也逗樂了父母，網友看了都紛紛留言表示「我喜歡這個笑聲，但我討厭鴕鳥阿！哈哈！」、「小男孩太可愛了！看了也會跟著他笑！」、「這笑聲好療癒。」（吳宣／綜合報導）更多內容，請上毛愛蘋果粉絲團推薦閱讀：【養眼片】直擊AV女優三上悠亞　祕密來台拍寫真【燒腦片】看完這部 腦袋都打結了【實在片】刨冰店裡的百萬音響 
apl201707080024001,http://www.appledaily.com.tw/realtimenews/article/strange/20170708/1156496/植物食物巧妙拍三歲女童變超模,植物食物巧妙拍 三歲女童變超模,2017/07/08 00:24,使用小技巧絕對能夠在拍照時增添樂趣，根據國外網站GAMEOVER發布的文章，今年三歲的女童(Stefani)個性開朗逗趣，媽媽為愛漂亮的她拍了一系列生動可愛的寫真照，有趣的是，母女利用借位的方式巧妙地讓蔬果植物成爲服裝的元素，而樂在其中的她也順勢擺出各種姿勢，相當活潑，這組照片被分享到社群網路後馬上引起熱議。(黃銀川／綜合報導)資料、圖片來源: Instagram／seasunstefani、GAMEOVER更多內容，請上毛愛蘋果粉絲團推薦閱讀：【養眼片】直擊AV女優三上悠亞　祕密來台拍寫真【燒腦片】看完這部 腦袋都打結了【實在片】刨冰店裡的百萬音響 
apl201707080023000,http://www.appledaily.com.tw/realtimenews/article/strange/20170708/1156405/極致工藝丹寧感躍上美麗諾羊毛,極致工藝 丹寧感躍上美麗諾羊毛,2017/07/08 00:23,向來以大衣聞名的服裝品牌Max Mara，特別在布料上面展現極致工藝，與國際羊毛局共同開發Max Mara品牌獨家使用的丹寧色羊毛創新布料，展現出澳洲美麗諾羊毛天然材質的獨特特性。品牌特別使用100%純天然美麗諾羊毛與全新開發的環保染料，利用經緯線不同的紗線材質與顏色營造出丹寧感，除了增添羊毛材質的天然優勢之外，也讓喜愛Max Mara的女性擁有不同於以往的頂級丹寧思維。(簡永昌/台北報導)圖片/品牌提供想看更多蘋果副刊流行及美容資訊，快加臉書社團「蘋果花愛漂亮」
apl201707080022000,http://www.appledaily.com.tw/realtimenews/article/3c/20170708/1156618/為Switch手把換新衣　竟然這麼貴！,為Switch手把換新衣　竟然這麼貴！,2017/07/08 00:22,喜歡客製化搖桿的玩家看過來！專為科技產品提供高品質噴漆的Colorware，自4月就開始接任天堂Switch的客製化塗裝，在最新公布的限定版本中，展示了任天堂初代的經典灰黑配色、搭配紅色按鈕，復古感十足。而Colorware不只在任天堂Switch上提供復古塗裝，蘋果的Mac及iPhone也是消費者的喜愛之一，有興趣可以上Colorware官方網站了解。不過愛美的代價可不低，光是為Switch的手把Joy-Con「換新衣」就要200美金（約為台幣6100元），高出Joy-Con的零售價80美金（約為台幣2440元）不少，下手前可要先想想囉。（廖家葆／綜合報導）資料來源：The Verge小編推薦【有片】家長暑假餐餐做 有了這些料理超省力     【經典片】紅了34年不退燒　最狂電玩主角就是他【3C發燒片】爆乳比基尼消火氣　投影觸控超神奇 
apl201707080021000,http://www.appledaily.com.tw/realtimenews/article/animal/20170708/1156248/希望孩子睡樓上貓媽媽使勁搬床墊,希望孩子睡樓上 貓媽媽使勁搬床墊,2017/07/08 00:21,貓媽媽Frima希望孩子回樓上睡，竟獨自搬床墊爬樓梯，臉書「Éléanorcats」7/3 上傳一支影片，Frima咬著床墊一階一階慢慢爬上樓，看起來費力又辛苦，飼主表示Frima的孩子小時候睡樓上，長大後飼主將床墊搬下樓，但Frima希望孩子回樓上睡，所以又將床墊搬上樓，影片超過29萬人點閱，貓媽媽辛苦的身影讓網友表示母愛真偉大。(賴俊佑／綜合報導)資料、圖片來源：臉書/Éléanorcats更多內容，請上毛愛蘋果粉絲團推薦閲讀【撒嬌片】阿嬤來了！ 雪橇犬激動迎門【焦點放錯片】松鼠找到家 耳朵毛意外成焦點【消暑片】超萌薩摩耶 就愛躲冰箱 
apl201707080020000,http://www.appledaily.com.tw/realtimenews/article/animal/20170708/1156377/地球暖化受害者一半珊瑚已白化死亡,地球暖化受害者 一半珊瑚已白化死亡,2017/07/08 00:20,臉書AJ+近日分享一則影片，位於澳洲東北海岸的大堡礁，是世界遺產之一，價值高達42億美元，遠比12座雪梨歌劇院還要多，牠每年貢獻約4.8億美元的觀光產值，但因近年來海水暖化，導致三分之二的珊瑚白化死亡。為了保護這些活珊瑚，人們該有行動去減緩地球暖化的速度，好好實行生態保育的措施，研究學者John O’Mahony更指出澳洲人非常依賴大堡礁所帶來的觀光經濟，然而這些珊瑚都白化死亡，可是會重重打擊大堡礁的觀光。（陳映彤／綜合報導）資料來源：臉書AJ+更多內容，請上毛愛蘋果粉絲團推薦閲讀【撒嬌片】阿嬤來了！ 雪橇犬激動迎門【焦點放錯片】松鼠找到家 耳朵毛意外成焦點【消暑片】超萌薩摩耶 就愛躲冰箱 
apl201707080019000,http://www.appledaily.com.tw/realtimenews/article/animal/20170708/1156316/歡喜團聚失蹤兩年龜終尋獲,歡喜團聚 失蹤兩年龜終尋獲,2017/07/08 00:19,根據國外網站The Sun報導，英國米德爾頓市一對夫妻(Rupert和Sophie Bevan)在兩年前丟失了心愛的烏龜(Arnie)，沒想到兩年後前鄰居竟發現該隻烏龜，終於開心團聚。這對夫妻20年前搬離老家，仍跟前鄰居聯絡，八年前買了這隻龜送給女兒(Tilda)當聖誕禮物，兩年前烏龜趁家門打開時跑了出去，從此便下落不明，令他們相當難過。奇怪的是這隻烏龜從未住過老家，卻在此出沒，讓他們十分驚訝和感動。(黃銀川／綜合報導)資料、圖片來源: The Sun更多內容，請上毛愛蘋果粉絲團推薦閲讀【撒嬌片】阿嬤來了！ 雪橇犬激動迎門【焦點放錯片】松鼠找到家 耳朵毛意外成焦點【消暑片】超萌薩摩耶 就愛躲冰箱 
apl201707080019001,http://www.appledaily.com.tw/realtimenews/article/international/20170708/1156682/【動畫解構】遼寧號抵香港　圖解艦身結構,【動畫解構】遼寧號抵香港　圖解艦身結構,2017/07/08 00:19,中國首艘航空母艦遼寧號編隊昨抵香港展開5天訪問，參與中國解放軍駐港20周年慶祝活動，這是遼寧號首度訪港，甲板上停放數架殲15戰機，引發關注。遼寧號將於今、明兩天開放民眾登艦參觀，但僅2千個名額，且不准拍照攝影，眼尖軍事迷發現，遼寧號出現生鏽掉漆，顯示共軍未能做好細節。遼寧號上月25日從山東青島啟航赴港，編隊包括飛彈驅逐艦濟南艦與銀川艦、飛彈護衛艦煙台艦，及多架殲15艦載戰機與多型直升機等，昨上午約7時抵達香港海域，許多香港民眾昨一早就在岸邊觀看，當艦隊駛過時爭相拍照。（大陸中心／綜合外電報導）推薦閱讀：藏羚羊的故鄉 青海可可西里登錄世界遺產比基尼誕生71周年！史上第一件很「新聞」
apl201707080018000,http://www.appledaily.com.tw/realtimenews/article/animal/20170708/1156387/眼盲貓咪找到家兩貓的好感情令人稱羨,眼盲貓咪找到家 兩貓的好感情令人稱羨,2017/07/08 00:18,臉書The Dodo分享一段感人片，一隻灰白色的貓咪Max在被救出來的時候，做了眼睛手術而失去雙眼，縱使Max沒有眼睛，仍有一個很愛牠的家庭，給牠最棒的生活環境，後來，家裡又收養妹妹Grace，兩隻貓咪都失去了眼睛，但牠們的感情好到令人稱羨，網友也在留言處分享自己家眼盲貓咪的照片，還稱牠們是家裡最棒的家人，而且非常可愛。（陳映彤／綜合報導）資料來源：臉書The Dodo更多內容，請上毛愛蘋果粉絲團推薦閲讀【撒嬌片】阿嬤來了！ 雪橇犬激動迎門【焦點放錯片】松鼠找到家 耳朵毛意外成焦點【消暑片】超萌薩摩耶 就愛躲冰箱 
apl201707080017000,http://www.appledaily.com.tw/realtimenews/article/strange/20170708/1156408/【愛漂亮】史上最小洗臉機只送不賣,【愛漂亮】史上最小洗臉機  只送不賣,2017/07/08 00:17,洗臉機成為不少女孩每天保養的聖品，而且越出越小，最好是旅行攜帶都方便才是王道。倩碧推出了只有雞蛋大小的洗臉機，而且只送不賣！今(8)日起，參加全台倩碧推出的夏日保濕霸主活動，於活動期間消費指定明星保濕品組，就直接送超限量水嫩Q彈洗臉機組，內含這款雞蛋洗臉機、三步驟洗面慕斯30ml及化妝包，送完為止。雖然這款洗臉機無法充電，用完即拋，不過壽命約有1個月，若暑假有出國旅遊計畫，不妨買來出遊使用囉。(解光芸／台北報導)新鮮試用文及美容訊息快加臉書社團「蘋果花愛漂亮」推薦閱讀：【養眼片】直擊AV女優三上悠亞　祕密來台拍寫真【燒腦片】看完這部 腦袋都打結了【實在片】刨冰店裡的百萬音響 
apl201707080016000,http://www.appledaily.com.tw/realtimenews/article/3c/20170708/1156531/迪士尼建設手遊推出《獅子王》主題更新,迪士尼建設手遊 推出《獅子王》主題更新,2017/07/08 00:16,去年由迪士尼推出的建設手遊《迪士尼夢幻王國（Disney Magic Kingdoms）》深受各國玩家喜愛，繼今年五月新增動畫《動物方程式》主題後，遊戲也在本周推出重大更新，在全新的限時賽制中，迎來備受喜愛的《獅子王》主題，內含9名全新角色、3個新景點、4個新裝飾與4個新販賣部外，還有多達80多個新任務，讓喜愛迪士尼的民眾可以盡情打造專屬於自己的迪士尼王國。目前遊戲在IOS、Android系統都能免費下載。（吳宣／綜合報導）資料來源：Gameloft小編推薦【有片】家長暑假餐餐做 有了這些料理超省力     【經典片】紅了34年不退燒　最狂電玩主角就是他【3C發燒片】爆乳比基尼消火氣　投影觸控超神奇 
apl201707080015000,http://www.appledaily.com.tw/realtimenews/article/3c/20170708/1156558/Converse全新配色網路商店限定販售,Converse全新配色網路商店限定販售,2017/07/08 00:15,在 Converse 重啟 All Star  1970 鞋型原汁復刻後，憑藉著古老工藝的加強縫製、奶油色的中底前緣，再加上絕佳舒適度提升的鞋墊，讓三星標的1970成為許多鞋迷必要收藏的鞋履；而在眾多色系相繼出爐後，本週再度迎接充滿夏日鮮豔海洋氣息的水藍加上好搭配性的酒紅，低筒的鞋型更能展現腳踝的魅力，也能透過與襪子相互搭配形成的個人魅力。此次新配色將於7/7晚間十點於INVINCIBLE Webstore 網路商店限定販售，一共推出男、女尺碼，滿足所有喜愛Converse的你。(簡永昌/台北報導)圖片/品牌提供快來「失焦der小確幸」社團分享有趣照片吧！小編推薦【有片】家長暑假餐餐做 有了這些料理超省力     【經典片】紅了34年不退燒　最狂電玩主角就是他【3C發燒片】爆乳比基尼消火氣　投影觸控超神奇 
apl201707080015001,http://www.appledaily.com.tw/realtimenews/article/finance/20170708/1156688/錯過歐元升勢捶心肝？　他說未來1年仍看升3.3　,錯過歐元升勢捶心肝？　他說未來1年仍看升3.3%　,2017/07/08 00:15,今年來歐元匯價升勢迅猛，兌G10（10國集團）全面走升、以兌美元、日圓升幅最可觀，但錯過這波升勢的投資人不用太喪氣，因為上季在彭博訪調機構中兌歐元價位預測最精準的德國中央行合作銀行（DZ BANK）表示，歐元未來1年還有得漲（見下表）！據彭博報價，歐元兌美元上半年已升值8.6%，但DZ BANK資深外匯策略師馬汀（Sonja Marten）預測，今年底歐元將進一步攀升至1歐元兌1.15美元、明年第2季進一步升抵1.18美元，將當於將從本周四收盤價（1歐元兌1.1423美元）再升值約3.3%。以台灣銀行牌告現金賣出價來看，近半年歐元兌台幣先貶後升，本周五來到1歐元兌35.38元台幣，已從4月14日低點1歐元兌32.72元台幣升值約8%。DZ BANK的看法與市場主流背道而馳；按彭博訪調的分析師預估中值，歐元匯價今年底將回貶至1歐元兌1.13美元，且到明年中預料都將持穩在此水準。馬汀坦承， DZ BANK的預測「明顯比絕大多數人更樂觀」，但先前市場對法國總統選舉大感憂心時，DZ BANK準確預見了法國大選結果對匯價影響有限。他認為，隨著政治風險消散、歐元區經濟復甦動能增強，加上歐洲銀行正打算逐步退出超寬鬆政策，歐元未來12個月有望持續走升。但上季在彭博歐元價位預測調查精準度排名第2的南非Rand Merchant Bank（RMB），卻抱持相反意見。RMB預測，今年底歐元匯價將下探至1歐元兌1.1美元，相當於較本周四收盤大貶3.7%，明年中才會稍稍回升至1歐元兌1.12美元。（劉利貞／綜合外電報導）小編推薦：南韓成外商銀行墳場 花旗80%分行將收攤諾基亞手機浴火重生 1支賣40萬的兒子卻快掛了
apl201707080014000,http://www.appledaily.com.tw/realtimenews/article/animal/20170708/1156150/無意攻擊卻挨揍　貓咪互動超有趣,無意攻擊卻挨揍　貓咪互動超有趣,2017/07/08 00:14,臉書Crazimals近日分享一段影片，兩隻貓咪在玩具的兩旁，只見其中一隻橘貓將玩具抓起後拉了一段距離便放手，玩具伸縮繩導致它在縮回時打中另一隻白貓的頭頂，嚇了白貓一跳，氣得牠緩了幾秒後便出拳攻擊橘貓，互動相當有趣，令一旁飼主都忍不住笑了出來。（吳宣／綜合報導）資料來源：Facebook/Crazimals更多內容，請上毛愛蘋果粉絲團推薦閲讀【撒嬌片】阿嬤來了！ 雪橇犬激動迎門【焦點放錯片】松鼠找到家 耳朵毛意外成焦點【消暑片】超萌薩摩耶 就愛躲冰箱 
apl201707080014001,http://www.appledaily.com.tw/realtimenews/article/international/20170708/1156689/普普會相見歡　期待美俄正向發展,普普會相見歡　期待美俄正向發展,2017/07/08 00:14,美國總統川普與俄羅斯總統普丁，7日在德國漢堡參加20國集團（G20）峰會，舉行約半小時場邊會談。會談前記者入內採訪約6分鐘，川普說：「普丁總統和我討論過許多事情，我想進行得很順利，我們有過一些非常非常好的談話，我們現在將展開對話，顯然那會繼續進行。我們期待俄羅斯、美國以及每個人，將會發生許多非常正面的事情。很榮幸與你見面。」普丁則說兩人就許多雙邊、國際議題通過電話，但「電話談話永遠不夠」，強調莫斯科和華府若想建立好關係，兩人必須面談，他也說：「我很高能與你面對面，總統先生，我希望如同你說的，我們的會談能發展出具體結果。」兩人發言後，記者被請出會場，美俄都未透露這場會談終將觸及的議題。這是兩大國領袖首次會談，儘管兩人之前互表傾慕，但美俄關係緊繃，川普又身陷「通俄門」疑雲，加上商討的諸多議題攸關全球安全，影響多國，使這次會晤備受矚目，兩人從衣著、握手、面部表情都將被放大檢視。兩人商討議題包括敘利亞、烏克蘭、伊朗、北韓等國問題，俄國也希望美國能解除若干對俄制裁，美國兩黨國會議員則要求川普對俄干預美大選一事，當普丁的面表達不滿。白宮官員證實，場邊會談將只有6人參與，包括川普、普丁與各自的翻譯官，以及美國務卿提勒森、俄外長拉夫洛夫。川普與提勒森過去都在商界，外交經驗不多，美國專家憂心，整場會議會讓經驗老到的普丁牽著走。美駐俄前大使麥佛爾（Michael McFaul）指：「普丁喜歡小型會議，這顯示白宮讓克里姆林宮決定了會面的安排。」他指國安顧問麥馬斯特至少應在場。「卡內基莫斯科中心」政治分析師科列斯尼科夫指，這場會議「對普丁來說是雙贏的局面」，如果會議無具體結果，俄國可維持一貫論調，指川普遭國內政治拖累而軟弱；若美國同意合作，俄國可說普丁重建了兩國關係。不過，普丁同樣面臨一些困難，例如想換取美國在敘利亞議題上的合作時，該拿什麼來做條件交換。（簡竹君／綜合外電報導）相關報導：【普普會】川普和普丁的第一次　不只握手還摸背
apl201707080013000,http://www.appledaily.com.tw/realtimenews/article/entertainment/20170708/1156305/【娛樂5大條】《太陽》雙宋拋紅色炸彈　蕭亞軒護狗當正義姊,【娛樂5大條】《太陽》雙宋拋紅色炸彈　蕭亞軒護狗當正義姊,2017/07/08 00:13,最震撼　《太陽的後裔》最好結局　宋慧喬宋仲基10月31日結婚35歲韓國女星「喬妹」宋慧喬，與小4歲男星宋仲基搭檔韓劇《太陽的後裔》多次傳假戲真愛，雙方經紀公司出其不意在7月5日台灣時間5點半發聲明，宣布2人將在10月31日完婚，投下紅色震撼彈。宋仲基在《太》劇殺青後熱烈追求喬妹，拍拖1年5個月就決定攜手到老，他在官方粉絲網站發表準人夫心境，透露：「2017年新年開始我們約定一起度過往後的人生、用愛填滿各自的不足、克服困難。」喬妹也首曝交往經過，表示2人從同事到戀人，透過演戲互相了解，「仲基展現的信任與信賴感，讓我覺得可以一起共度未來」，粉絲對於這對螢幕CP延續到現實生活，多稱讚郎才女貌，開心獻上祝福。最意外　曹格疑分居老婆　親上火線闢謠金曲歌王曹格與老婆吳速玲先有後婚，育有1對兒女Joe及包子妹，但近來兩人屢被傳婚變。去年10月曹格還曾在臉書寫下疑似離婚的貼文。2日夫妻倆結束公益活動後，被《蘋果》直擊吳速玲獨自回信義區的豪宅，而曹格則繼續其他行程，之後才回到豪宅，不過卻將兒子接走後，直接來到吳興街另一住處，之後沒再返回豪宅，引發外界質疑夫妻倆是否分居。對此，曹格在臉書回應「我跟老婆沒離婚，我和老婆很好」，破除婚變傳言。最震撼　劉家昌痛罵兒畜生　甄珍心痛千字文反擊導演劉家昌今年5月在臉書爆氣罵兒子劉子千「畜生」，前妻甄珍隱忍數月，5日在臉書發千字文回擊，稱劉家昌豪賭毀掉兩人婚姻，並指他不斷干涉劉子千的音樂創作，搞到劉子千離家出走；甄珍並指劉家昌不斷向她要錢，求他放過他們母子倆。劉子千在臉書則未多作回應，只是感謝大家的支持。孰料，甄珍的臉書帳號6日因遭檢舉內容涉及毀謗她人，被停權無法登入，讓她不滿地說：「沒有告訴我什麼原因，怎麼只是發文回應就被撤下來，太不公平了！」最恭喜　吳佩慈剖腹產第三胎　喜曝一家5口天倫照38歲女星吳佩慈隱退幕後3年，與百億富商未婚夫紀曉波育有3歲女兒小蕊蕊和1歲兒子漢斯，6月22日悄悄誕下第3胎巨蟹座兒子Hudson，比預計剖腹的日期早10天，透露Hudson鼻子和下巴都尖、右手還是斷掌的好命格。她這次懷胎「假性宮縮」嚴重，盡可能在家臥床並吃安胎藥3個月，產前幾周開始停藥，但宮縮更厲害，怕安不住胎才決定提前剖腹。愛小孩的她之前曾發願「生5個」，不過會先休息2、3年再生，打趣說「養小孩比生還累，40歲前一定生不完」。最俠女　蕭亞軒護狗槓廣場阿伯　爆氣報警救狗蕭亞軒（ELVA）時常為動物發聲，是知名的愛狗人士。3日《蘋果》直擊她跟家人在微風松高店旁的廣場，逗弄「中途之家」攤販阿伯的狗狗，之後向阿伯表達想領養，不料卻起爭執。她認為阿伯連受傷的狗也帶出來，希望跟阿伯帶狗去醫院，她願付醫藥費，但阿伯不願意，雙方僵持不下，最後報警處理。但警方到場後，只是盤查一下現場狀況，登記了阿伯的證件後，就讓攤販阿伯帶著狗狗離開現場，整起救狗事件不了了之，讓蕭亞軒十分氣憤也無可奈何。雖然沒成功帶狗就醫，但事件曝光後，蕭亞軒見義勇為的舉動獲得網友一片讚聲。【大家都在看】劉真百萬行頭全靠辛龍 《大平台》報樂透明牌【狗仔偷拍】蠟燭妹這次不黏郭品超 大肌肌吊嘎男陪吃【爆雷慎入】《花甲》最終章噴淚彈 鄉民「哭掉一整串衛生紙」
apl201707080013001,http://www.appledaily.com.tw/realtimenews/article/animal/20170708/1156390/面無表情的貓咪任由主人裝扮自己,面無表情的貓咪 任由主人裝扮自己,2017/07/08 00:13,這位住在日本的Maro是位金牌廚師，每晚都會準備晚餐給主人，餐點有時簡單、有時豐盛，牠很認真準備每道菜，也會穿著各式衣服跟餐點拍照，但這些都是主人幫牠弄得，可以注意到每張照片的牠，都一臉面無表情，彷彿是在說「又來了啊！」，不過，雖然主人很愛幫牠裝扮，但對牠的照顧一點都沒有少，更有屬於它自己的玩具和零食。（陳映彤／綜合報導）資料來源：臉書The Dodo更多內容，請上毛愛蘋果粉絲團推薦閲讀【撒嬌片】阿嬤來了！ 雪橇犬激動迎門【焦點放錯片】松鼠找到家 耳朵毛意外成焦點【消暑片】超萌薩摩耶 就愛躲冰箱 
apl201707080012000,http://www.appledaily.com.tw/realtimenews/article/forum/20170708/1156547/膝關節專欄：​應該要更好的電影上半年,膝關節專欄：​應該要更好的電影上半年,2017/07/08 00:12,2017年過一半，上半年票房其實應該會佔整年度票房的3/5，原因無他，幾部重點中的重點都在第二季上映。特別是外界寄以厚望的《玩命關頭8》與《變形金剛5》跟《神鬼奇航5》。就整體票房來看，純以台北市數字來看，今年本就該小勝去年上半年。因為去年續集電影無今年來得帶勁，去年上半年北市票房總和為19.02億，總觀影人次達到767萬人次。而今年真的也只有小勝，達到20.43億，觀影人次來到840萬人。就人數來看，約成長10%。這中間的關鍵就是《玩命關頭8》、《神力女超人》、《神鬼傳奇》與《金剛：骷髏島》、《美女與野獸》跟《惡靈古堡6》。這6部加起來的全台票房約21億台幣，差不多就等於台北市上半年的總票房了，足見這幾部大概是上半年最多觀眾看的電影。今年全國票房取樣，上半年總和約56億，希望下半年能有異軍黑馬突起，能讓全國票房超越110億，但我目前保守一點的估計是下半年總和可能只有44-46億，也許今年剛好超過100億。就看第三季接棒的《蜘蛛人：返校日》跟預期口碑破錶的《猩球崛起：終極決戰》、《敦克爾克大行動》能打下「超」大片江山。國片部份上半年，就今天出刊的《蘋果日報》把《長城》視為華語片代表，但因為受限於上映日期為去年底，所以這片票房會列入2016年。純以2017年才上映的話來看，真正的華語片冠軍其實是《吃吃的愛》，這部片全台做到8500萬，也超越了農曆年節檔的《大釣哥》的7千萬數字。另人驚喜的作品，則分別是《目擊者》拿下全台5300萬左右，《刀劍神域》也有5318萬的人氣數字。以及全世界各地都創造票房黑馬數字的《逃出絕命鎮》，這片全台也做了5400多萬。至於驚喜中的驚喜，肯定是印度片《我和我的冠軍女兒》，這部片不但創下目前全台印度片最高票房，拿下了近1.7億的可怕數字，在戲院演了超過100天還沒下檔，真是超威猛。話說回來，既然標題都寫應該要更好的電影上半年，那麼，為何不夠好呢？當然就是被寄以厚望的《變形金剛5》目前居然只有2億，要知道過去，第一集有1.8億，第二集為2.4億，第三集來到新高3.28億，第四集因為口碑太爛而只拿下2.06億。以上說的都是台北市票房而已。而《變5》目前北市票房卡在6000萬，預期北市票房應該無法過億，這應該是跌破眾人眼鏡，認為再怎爛也應該北市能破1.5億起跳，哪知道居然打了個對折，始料未及。還好《冠軍女兒》頂住一些缺口，外加其他中小片也做得比預期好，否則今年上半年一手好牌還打成這樣，真是難為觀眾了。
apl201707080012001,http://www.appledaily.com.tw/realtimenews/article/3c/20170708/1156617/這顆壁式充電器　厚度竟可裝在錢包裡！,這顆壁式充電器　厚度竟可裝在錢包裡！,2017/07/08 00:12,對使用3C重度用戶來說，隨身帶著充電器想必會佔用不少空間、且增加負擔。最近Kickstarter上就有款壁式充電器Kado加入集資，就能解決這個問題，輕薄的它非常方便攜帶，厚度只有7mm，跟3張信用卡差不多，插頭採收折式設計，說能收納在錢包、口袋裡也不過份。Kado的功率為10W並支援2.1A快充，充電線則有蘋果Lighting、USB-C及Micro USB三種版本，電源插頭也有美規、歐規可選，適用大多數國家，不過Kado畢竟只是一個壁式充電器，只能在有插座的牆面充電，消費者下手前可要考慮清楚囉。在剩餘一個月的時間下，Kado在Kickstarter上的集資已是達標金額的3倍，早鳥價為39美金（約台幣1200元），是預購價的76折左右，且有3種顏色可選擇；而44美金（約台幣1345元）的版本則多了一個可附在手機後的扣子，讓充電線不會長得令人煩躁，Kado所有產品預計今年12月出貨。（廖家葆／綜合報導）資料來源：The Verge小編推薦【有片】家長暑假餐餐做 有了這些料理超省力     【經典片】紅了34年不退燒　最狂電玩主角就是他【3C發燒片】爆乳比基尼消火氣　投影觸控超神奇 
apl201707080011000,http://www.appledaily.com.tw/realtimenews/article/strange/20170708/1156615/​【愛飛遜】甚麼鞋兩大潮鞋選品店都搶賣!?,​【愛飛遜】甚麼鞋兩大潮鞋選品店都搶賣!?,2017/07/08 00:11,身為時尚愛好者，對台灣兩大潮流選品店INVINCIBLE與JUICE Taipei一定非常熟悉，這兩間店作為台灣潮流中流砥柱，近日英雄所見略同，紛紛引進ASICS Tiger GEL-Lyte III 鞋款，更前後開賣搶攻荷包！Asics Tiger不斷將滿滿的創意加註到經典的 Gel-Lyte 系列中，形成眾多讓人膾炙人口的創新足履；本次夏季 AT 將日式工藝的丹寧以大量拼貼的手法(Patchwork Denim)重新詮釋 Gel-Lyte III 。其中有大家常見的原色藍染丹寧之外，本次更一起推出的黑色丹寧坐鎮，以大量不規則的拼接形成絕佳平衡視覺，側邊線條的 AT Logo 也以外縫線交織構成，再分別搭配上白色緩震中底，絕對能吸引眾人目光。​​(賴姿穎/台北報導)圖片/品牌提供想看更多蘋果副刊流行及美容資訊，快加臉書社團「蘋果花愛漂亮」推薦閱讀：【養眼片】直擊AV女優三上悠亞　祕密來台拍寫真【燒腦片】看完這部 腦袋都打結了【實在片】刨冰店裡的百萬音響 
apl201707080010000,http://www.appledaily.com.tw/realtimenews/article/entertainment/20170708/1156281/李宣榕戶頭0元借錢度日　淪端盤妹自嘲「米蟲」（動畫）,李宣榕戶頭0元借錢度日　淪端盤妹自嘲「米蟲」（動畫）,2017/07/08 00:10,「星光一班」出身的李宣榕，同期的蕭敬騰、林宥嘉等人，早在歌壇紅得嫑嫑的，她卻星途不順遂，窮到快被鬼抓，戶頭完全沒錢，只能低頭向親友借錢度日，苦熬10年才推出首張個人同名EP。30歲的李宣榕接受《蘋果》專訪，坦言當明星收入不穩，曾在餐廳端盤子打零工還債，自怨自艾像米蟲、很沒用，還因吃病態減肥餐，暴瘦臉凹、經期大亂，近來克服地心引力，挑戰高難度的空中瑜伽，漸漸活出自信也更認識自己。李宣榕2007年參加《超級星光大道》拿下第9名，因是星光幫唯一女生而受到矚目，當紅之際，她堅持先完成學業，畢業後重新出發，但她星光光環已然黯淡，連續好幾個月沒通告，在家等到心慌，家人的關心也成為無形的壓力，更煎熬的是每逢過年沒錢包紅包給家人，當時覺得自己很沒用、像米蟲，出門為了省錢，只吃便宜的超商食物，如茶葉蛋、豆漿、牛奶、地瓜讓自己有飽足感。她為主持美食節目上鏡頭好看，曾以運動搭配病態的減肥餐，少油無鹽只吃生菜沙拉、火龍果、奇異果等生冷食物，卻也因此搞壞身體，月經一度2、3個月沒來，臉凹暴瘦，身高166公分的她，體重從48掉到44公斤，主持美食節目被電視台長官告誡不能再瘦下去，她當時就算膝蓋不適、半月板損傷，仍強迫自己跑10公里的跑步機，不服輸忍痛飆淚跑完，幾近自虐式的運動，身體卻愈來愈糟。如今她透過空中瑜伽逐漸認識自己的身體，找營養師調配飲食，她笑說現在胃口好時，一口氣還吃掉3個便當，事業載沉載浮的她也體悟出在演藝圈發展像賭博一樣，沒想過能回收多少，只能把每次機會當成最後1次，放手一搏。從未交過男友的她，透露身旁出現2個不錯的對象，個性卻大不同，一個是務實型、一個是浪漫型，她羞說浪漫型的男友人，經常推薦好吃的甜點，甚至還要請快遞送去她家，不過，她卻給對方軟釘子說：「不好意思，我今天不在家。」而另一個是醫生，雙方認識了2年，一開始就有放話說想追她，還曾透露想買50張李宣榕EP力挺她。（林丞偉／台北報導）【小編推薦】【狗仔偷拍】蠟燭妹這次不黏郭品超 大肌肌吊嘎男陪吃【爆雷慎入】《花甲》最終章噴淚彈 鄉民「哭掉一整串衛生紙」他拒演《流星花園》道明寺 言承旭才有機會暴紅
apl201707080010001,http://www.appledaily.com.tw/realtimenews/article/strange/20170708/1156450/​【下周星情】寶靈解析　牡羊和氣生財　雙子表現受影響,​【下周星情】寶靈解析　牡羊和氣生財　雙子表現受影響,2017/07/08 00:10,想知道你的下周(0708~0714)運勢如何嗎？讓星座專家寶靈老師來為你解析吧！事業運部分，金牛座求知欲提高，增進專業技能；雙子座辦公室戀情，影響工作表現。財運方面，牡羊座和氣生財，有望賺上一筆；天秤座做好理財規劃，切勿直覺性投資。愛情運部分，射手座桃花朵朵開，但當心爛桃花；摩羯座出外走走，感情更升溫。健康運方面，天蠍座神經敏感，導致失眠；巨蟹座注意牙齒、骨頭問題。（李育道／綜合報導）【牡羊座】保持正面態度，與同事和睦相處。和氣生財，不僅賺進錢財還有機會透過規劃而賺上一筆。改變以往的個性，有機會與老朋友發生戀情。注意心臟問題。開運：羽毛裝飾品／白色【金牛座】求知欲提升，可學習更多專業知識。財務有機會獲得意外之財。書香氣息，讓你更有魅力。長期憋尿，易導致膀胱發炎。開運：化妝品／蜜桃紅【雙子座】當心辦公室戀情，讓他人知道，影響工作表現。當心過多的娛樂花費，導致破財問題。與另一半爭吵猛烈，關係出現裂痕。當心急性子，導致車禍發生。開運：家具用品／磚紅色【巨蟹座】工作突飛猛進，獲得上司肯定，有機會升遷。得到貴人的幫助，使投資能賺上一筆。過多的關心與呵護，反而讓戀人喘不過氣。健康注意牙齒、骨頭問題。開運：帽子／紫紅色【獅子座】在你正在著手規劃的目標時，有貴人幫助引薦認識好人脈。團隊合作發揮高效能，談成有利的合約。自我意識強烈，情感出現紛爭。注意室內外溫差大，導致頭痛問題。開運：亞麻綠／紫色【處女座】多增加新技能，讓工作更順利。事業上有新進展，有紅利與財富進帳。與志同道合的人，有機會發生下一階段的關係。室內外溫差大，當心感冒。開運：手套／青藍色【天秤座】堅持的原則被看見價值，能得到有力人士的認同。做好理財規劃，切勿直覺性投資。注意第三者或短暫的精神迷惑出軌問題，也要多注意對方是否需要自己更多的陪伴。注意足部疾患、抽筋問題。開運：葡萄／咖啡色【天蠍座】一步登天的想法，容易讓事業出現停滯期。金錢有效利用，做好規劃，縱使有賺有賠，也不要氣餒。感情陷入危機，適時溝通是必要過程。注意神經過於敏感出現失眠、多夢問題。開運：交通工具／靛藍色【射手座】避免給予自己無法負荷的承諾。海外投資失利，財務出現危機。有機會從曖昧對象或是追求者身上得到好處。桃花朵朵開，但要慎防爛桃花。注意胸腺、腰部與生殖系統的問題。開運：花朵／酒紅色【摩羯座】在工作中能輕易與人取得和諧平等的對待。當心撿便宜的心態反而會造成不必要的財務支出。與情人多出外走走，讓感情更升溫。使用火燭要特別注意，避免燙傷。開運：海邊／紅色【水瓶座】業務量的增大，正是快速培養自己專業能力的時候。對人慷慨大方，投資敢衝大膽，無需對金錢焦慮。心儀對象因為你氣質而被吸引。飲食盡量清淡點，避免腸胃不適。幸運物：玻璃瓶／藍綠色【雙魚座】事業上的想法開明、也懂得自我反省，提升自我的進修能出現好結果。年久失修的家電，導致額外的支出增加。過多的猜忌，使感情生變。身體出現小毛病，造成許多不必要花費。開運：打火機／橘色 推薦閱讀：【養眼片】直擊AV女優三上悠亞　祕密來台拍寫真【燒腦片】看完這部 腦袋都打結了【實在片】刨冰店裡的百萬音響 
apl201707080010002,http://www.appledaily.com.tw/realtimenews/article/forum/20170708/1156504/張鐵志專欄：​誰是獨立，何謂主流？,張鐵志專欄：​誰是獨立，何謂主流？,2017/07/08 00:10,張鐵志／作家獨立樂團草東沒有派對在本屆金曲獎拿下最佳樂團，並打敗眾多知名音樂人拿下年度最佳歌曲，引發了對台灣流行音樂的熱烈討論。誰是草東沒有派對？他們得獎是大爆冷門嗎？這是世代交替嗎？這是獨立顛覆主流嗎？或者，還有人說，這是中國入侵嗎？草東當然不是黑馬，而是從去年就捲起的黑色旋風，且這旋風是從台灣到中國。但他們能夠成為一個現象，既非因為上述原因，也很難過度解釋其意義——他們的成功最主要還是音樂作品非常優秀。然而，當我們不只看這個案例時，的確可以說在台灣音樂界，這幾年來「獨立逐漸攻佔主流」。2015年金曲獎把年度歌曲頒給了滅火器的《島嶼天光》，擊敗其他天王天后包括張學友的《用餘生去愛》、a MEI（張惠妹）與蛋堡的《偏執面》和蔡依林的《Play 我呸》、徐佳瑩的《尋人啟事》。滅火器是一個獨立樂團，《島嶼天光》是一首抗議歌曲，這個年度歌曲具有很大意義。第二年，年度最佳歌曲頒給了舒米恩的阿美族母語歌曲《不要放棄》，這是電影《太陽的孩》」的主題曲，而電影是關於原住民如何重建與守護自己的家園。今年的金曲獎年度最佳歌曲則是草東沒有派對的《大風吹》。連續三年不同的評審團把年度歌曲頒給所謂獨立音樂，意味著不同評審確實認為這些獨立音樂代表了某種時代精神。事實上，當台灣的主流音樂產業在世紀初逐漸崩塌後，唱片公司更保守僵化，另一方面，從90年代崛起的「地下音樂」則奮力茁壯，演出場地、獨立廠牌、音樂節、音樂網站等日益繽紛，獨立音樂越來越滲入青年文化。不過，很多人會問，主流和獨立的區分是否還有意義？答案是有的，但這不是可以一刀切斷、黑白分明的兩個標籤。去問某個音樂人是否是獨立樂團並無太大意義，因為，所謂獨立和主流是兩種「理念型」(ideal type)，或者說是光譜的兩端，中間是一個連續體。「主流」指涉的是音樂主要是為市場所做、是投市場所好，獨立精神則按定義就是創作者做自己想要做的，去反映自己內在的聲音。在現實的音樂產業中，這兩者當然有差別。一如草東的製作人李孝祖在端傳媒的訪問中說：「相比於主流音樂仍然是傳統的製作與行銷模式，獨立音樂人更誠實地表達出年輕人的真實生活，以及心中的焦慮與渴望。」但對個別創作者而言，很少情況是如此極端，絕大多數人都是在兩端的中間，例如不太可能獨立到完全不考慮市場，或者所謂主流中也有很多人或者追求某種誠實或願意嘗試新的實驗。不過，我們固然很難去定義某些音樂人是獨立還是主流，但卻可以去比較誰比誰更有獨立精神。主流和獨立的分野，除了創作精神，當然也有經濟資源投入的差異，這兩者也密切相關：大廠牌投入資源多，有更多壓力要回收，因此做音樂會希望得到更大的市場，因此在口味上當然更主流──雖然結果未必一定賣得好。相反的，某個獨立創作者卻可能打中了許多人，例如草東沒有派對：他們的專輯賣出一萬多張，MV超過三百萬點閱。所以獨立與主流在資源投入、在創作態度上會有所差別，但從結果上來則未必。這正是我們這個時代流行音樂最大的改變，尤其是整個音樂產業都在上述光譜上開始移動：不論是金曲獎或是音樂文化，這幾年都反映出獨立音樂出身的創作者影響力擴大，許多身在主流音樂的歌手也越來越重視獨立音樂、與他們合作，當然還有許多製作人或詞曲創作很難被定義、可以自在地與兩邊都合作。在若干年前，一個金曲獎典禮上可能是兩個世界：樂團獎或原住民音樂獎項得主和其他主流音樂距離很遙遠，但現在，這兩個世界似乎越來越接近、重疊，界線日益模糊。當獨立逐漸「攻佔」主流，這當然是好的，因為更多不同的音樂可以被更多人聆聽，這也會迫使主流大廠牌去重新思考既有策略。然而，這個攻佔還只是開始，畢竟還有很多人覺得草東是黑馬，不熟悉桑布伊，而我們的主流媒體娛樂版依然在平時聽不見他們的聲音，顯然這個樂壇的大風吹得還不夠……
apl201707080009000,http://www.appledaily.com.tw/realtimenews/article/strange/20170708/1155641/照片亂入「第三者」黑白照變得超有趣,照片亂入「第三者」 黑白照變得超有趣,2017/07/08 00:09,以前人照相正經八百，加上當時相機技術還不夠先進，洗出來的黑白照難免有點陰沉感，但若是添加個「第三者」，興許能把黑白相片變個樣。Anja Wulfing將鳥類畫進黑白照中，沒有按照真實比例呈現，反而是以與人同大小，甚至更大的體型亂入照片中，色彩暖化了原本嚴謹的黑白場面，畫面中不苟言笑的人們也因為鳥類的亂入變得可愛許多。(貢曉立綜合報導)推薦閱讀：【養眼片】直擊AV女優三上悠亞　祕密來台拍寫真【燒腦片】看完這部 腦袋都打結了【實在片】刨冰店裡的百萬音響 
apl201707080009001,http://www.appledaily.com.tw/realtimenews/article/animal/20170708/1156156/棒球場上為球員送水的　竟是牠！,棒球場上為球員送水的　竟是牠！,2017/07/08 00:09,狗狗不只是人類最忠實的朋友，也是個好幫手，在許多場合都能見到牠們表現稱職地協助人們，根據粉絲頁UNILAD近日的分享，有隻黃金獵犬在棒球場「服務」，牠提著放有瓶裝水的竹籃走到場邊遞水給球員喝，圓滿達成任務後，球員輕拍牠的頭，黃金獵犬就乖乖地走回休息區，模樣熟練又乖巧。網友在影片下方稱讚道「真是個好孩子。」、「狗狗工作態度超認真！」、「這隻狗簡直是球隊不可或缺的一員！」（廖家葆／綜合報導）更多內容，請上毛愛蘋果粉絲團推薦閲讀【撒嬌片】阿嬤來了！ 雪橇犬激動迎門【焦點放錯片】松鼠找到家 耳朵毛意外成焦點【消暑片】超萌薩摩耶 就愛躲冰箱 
apl201707080008000,http://www.appledaily.com.tw/realtimenews/article/entertainment/20170708/1156282/劉真百萬行頭全靠辛龍　《大平台》報樂透明牌,劉真百萬行頭全靠辛龍　《大平台》報樂透明牌,2017/07/08 00:08,「國標女王」劉真前天在「亞洲造型王」陳孫華時尚節目《蘋果×孫華live名人大平台》不敢怠慢，身著Chloe雪紡紗白色上衣與Faith Connexion黑皮裙，腕掛Dior手錶，更戴上VCA指間戒指、Cartier三環戒跟線戒等首飾，足蹬Roger Vivier黑色珍珠方扣高跟鞋也是她的愛鞋，全身行頭高達百萬元，這其中首飾部分除耳環外都是老公辛龍送的精品，讓陳孫華大呼，「反正他樂透還有1億2千萬元，還沒用完OK的」。劉真劈頭就給陳孫華震撼：「我承認我是蜈蚣精，婚前就有400多雙鞋。」也透露19歲跳國標就愛上穿高跟鞋。網友還稱讚劉真的服裝配搭跟陳孫華很搭，「簡直像白馬王子與白雪公主」，現場劉真跟陳孫華試過各款Roger Vivier鞋款，劉真如數家珍，不負「蜈蚣女王」盛名。劉真也透露，女兒霓霓繼承她喜歡高跟鞋的喜好，現在都會去試穿她的高跟鞋，未來所有敗家精品都會傳給女兒。直播時大家才發現，竟然也有劉真老師無法駕馭的鞋款！劉真沮喪地說：「最怕穿上勃肯鞋，因覺得穿起來很怪，跟我腳型還有形象不搭。」陳孫華則建議她在家中旋轉梯穿Roger Vivier勃肯鞋，但劉真認為這種鞋還是較適合寬姊（邱瓈寬）。而被陳孫華逼問為何會嫁給長相像黑道大哥的辛龍？劉真感性說：「他跟我說，不管有任何開心或不快樂的事，都可以跟他說。」證明她不是外貌協會，嫁給辛龍是從心開始。最後陳孫華竟然拿出大樂透的投注單，逼劉真要寫出6個明牌號碼，結果劉真還真的給他「22、11、5、6、9、7」等6個號碼，就看老天賞不賞臉，「劉真牌」是否奏效了。（葉文正／台北報導）【相關新聞】劉真百萬行頭甜美風　竟無法駕馭這款鞋《蘋果日報》粉絲團： https://goo.gl/jc1epd《蘋果日報即時新聞》粉絲團：https://goo.gl/nhN4BfApple Fashion粉絲團：https://goo.gl/YJsCkq《蘋果LIVE》高清：goo.gl/k4hjYd
apl201707080008001,http://www.appledaily.com.tw/realtimenews/article/forum/20170708/1156366/法官簡祥紋：司法院危機總動員為了什麼,法官簡祥紋：司法院危機總動員為了什麼,2017/07/08 00:08,簡祥紋／台灣高雄少年及家事法院法官  在台灣，只要被法院以外的任何機關逮捕、拘禁，該機關需告知本人及親友「時間、地點及得聲請提審」，且「任何人」都可以請求法院審理，之後24小時內由法官審查「拘捕」的合法性，如有違法即以裁定命釋放，不必擔心「被消失」（《提審法》）。從李明哲事件，我們看到兩岸法治落差的關鍵，沒有獨立性的司法權（法院）就只是政治的服務生。而從川普移民禁令遭法官否決及朴槿惠被憲法法院罷黜下台，我們看到獨立的司法權，足以制衡強大卻濫權的總統。由此可知，司法獨立牽繫著一個國家的法治與民主程度。台灣人民對於司法權的功能認識不清，存有極深的誤會，常沒看判決書就跟著罵，被有心人操弄了猶不自知，例如鄉民常誤解法院以「無罪推定」保護個案之被告，但「無罪推定」是在保障每一個人，而不只是個案的被告，因為人人有機會成為「被告」。周星馳在《食神》電影說「只要用心，人人都可以是食神。」但在台灣若想成為被告，不需要用心，只要你夠倒楣或夠討人厭，就有機會，不信問問「媽媽嘴」的呂老闆就知道。法官褪去法袍時與一般人無異，他可能是一大早跟學生擠在公車或捷運上，那個睡眼惺忪、拎著早餐趕著進法院寫判決的大叔，也可能是加班到太晚，拖著疲累身軀回家後，又馬上在大街上披頭散髮追著垃圾車的大嬸。法官當然也會看報紙、新聞及上網，知道社會輿論風向如何，要討好輿論，搶當司法英雄還不簡單？但一個盡責的法官，必須嚴守《憲法》賦予的任務，忠實的「依『法』審判」，不可隨輿論起舞，畢竟輿論是很容易被操弄的。法官必須在群眾的激情中，冷靜的堅守國家理性底線，即使可能被罵，也要擇善固執。但如今誤會已生，就需要溝通化解，不是為了法官個人的榮辱，而是為了獲得人民的信賴與支持，捍衛司法尊嚴與獨立，深化民主法治。司法院過去天真的以為「判決書」就能解決與社會溝通的問題，如今終已領悟到問題的嚴重性，今年3月成立「加強司法與社會對話推動小組」，由司法院秘書長擔任召集人，計劃透過影音、網路、學校、社區及公益團體，多管齊下，積極與社會溝通。近日更通過人事案，調法官到司法院負責與社會對話相關業務，並責成各地法院院長統合相關人員建立發言人及對外宣導團隊，對於社會誤解及時予以澄清，期能藉此提升人民對司法的了解與信賴。雖說是「七年之疾，求三年之艾。」稍嫌晚了，但再不做就真的要病入膏肓了，恐讓有心人士找到藉口，對司法權上下其手。一旦損及獨立性的保障，兩岸政府體制將快速趨於「統一」，那麼台灣的每個人民都可能是下一個「李明哲」，豈能不憂？衷心期待司法院的新作為，能發揮成效，確保台灣民主法治成果。
apl201707080008002,http://www.appledaily.com.tw/realtimenews/article/strange/20170708/1156412/【祕密客】好搭　蔬食披薩配咖啡,【祕密客】好搭　蔬食披薩配咖啡,2017/07/08 00:08,一直想來吃Betterman Pizza x Coffee這家披薩店，因為這裡標榜全蔬食，而且菜單上有說明，這裡盡量用有機的、無農藥的食材，搭上酵母低溫發酵麵團做成披薩，感覺健康安心。這天下午終於揪到人，來點了2份披薩。火箭升空披薩(260元)是以去皮番茄紅醬做底，加上馬茲瑞拉起司與帕達諾起司，並有杏仁片與芝麻葉提香。這裡的披薩餅皮應該算是拿坡里式，口感外酥香、內Q軟，香氣十足，吃時以餅皮包捲配料，嚼起來清香，尤其上頭淋些許陳年酒醋膏，它的酸甘滋味，讓披薩整體滋味香濃，但不至於有膩感。另外黑魔鬼野菇披薩(310元)這款口味，是以黑松露牛肝菌醬做底，加上綜合菇、核桃油與一顆蛋，看起來用料豐富，可惜這天的菇似乎生了些，不知道是烤之前沒有炒過或沒炒透，總之吃起來就是有股淡淡生澀味。不如來喝杯好咖啡順順喉，衣索比亞日曬原生種藝妓(230元)這支喝來有花香與蜜甜香，並透著熟水果那樣的酸甜，感覺還挺順口好喝的。平常吃慣了大魚大肉，試試這樣清爽的蔬食，格外覺得輕盈舒服，就算體重只少了0.0幾公斤也算不錯。祕密客：菇菇有「生氣」，讓人森七七。Betterman Pizza x Coffee高雄市民生一路265號(07)282-8255推薦閱讀：【養眼片】直擊AV女優三上悠亞　祕密來台拍寫真【燒腦片】看完這部 腦袋都打結了【實在片】刨冰店裡的百萬音響 
apl201707080008003,http://www.appledaily.com.tw/realtimenews/article/3c/20170708/1156659/《鬥陣特攻》新角亮相生化人拳頭超硬,《鬥陣特攻》新角亮相 生化人拳頭超硬,2017/07/08 00:08,暴雪娛樂日前公開旗下知名連線射擊遊戲《鬥陣特攻》中即將登場的新角「毀滅拳王」(Doomfist)的宣傳影片，並且在測試伺服器(Public Test Realm ，簡稱PTR)中已可先行體驗遊玩。這次亮相的新角為遊戲中利爪組織的領導之一「毀滅拳王」本名為「阿坎德‧歐岡帝姆」，由於曾被捍衛者特遣隊擊敗，而長期監禁在戒備森嚴的機密設施裡，在裡頭耐心等待機會逃亡。終於抓住機會逃出牢獄的毀滅拳王決心重返世界製造新的衝突，他相信這能使人類變得更堅強。「毀滅拳王」屬於攻擊型英雄，上手難度被官方定為最困難的三星。除了可以使用散彈手砲造成遠程傷害，他也能猛擊地面、將敵人彈向空中失去平衡，或者是使出火箭拳衝入戰場。深陷重圍時，毀滅拳王還能使出流星墜跳出視野，然後衝向地面擊殺敵人。但尚未公布「毀滅拳王」正式在遊戲中登場的日期，在推出之前目前玩家想體驗「毀滅拳王」，可先至遊戲的PTR測試伺服器中體驗。（莊哲瑋／綜合報導）小編推薦【有片】家長暑假餐餐做 有了這些料理超省力     【經典片】紅了34年不退燒　最狂電玩主角就是他【3C發燒片】爆乳比基尼消火氣　投影觸控超神奇 
apl201707080007000,http://www.appledaily.com.tw/realtimenews/article/strange/20170708/1155653/用寶可夢的尾巴　變身收納小幫手,用寶可夢的尾巴　變身收納小幫手,2017/07/08 00:07,許多人喜歡將磁鐵貼在冰箱或門上，但除了單純裝飾外，還可以有些附加功能，近日製作生活雜務的公司日本東洋ケース就推出《精靈寶可夢》的磁鐵「Pokémon Tail」，只要將尾巴的部分往上彎，就可以在上面掛各類小物，還有「皮卡丘」、「喵喵」等8種款式可選，每個售價1000元日幣(不含稅，約270元台幣)，預計7月上旬販售。（司郁帆／台北報導）推薦閱讀：【養眼片】直擊AV女優三上悠亞　祕密來台拍寫真【燒腦片】看完這部 腦袋都打結了【實在片】刨冰店裡的百萬音響 
apl201707080007001,http://www.appledaily.com.tw/realtimenews/article/animal/20170708/1156323/貓奇特睡姿網友笑翻,貓奇特睡姿 網友笑翻,2017/07/08 00:07,小動物經常會做出惹人發笑的趣事，根據粉絲專頁Happy Cats分享的影片，日本一隻貓趴在沙發睡着，但牠特別的睡姿引起熱議，網友留言表示「這超好笑的~莫名喜感！」、「怪喵但我愛。」(黃銀川／綜合報導) 資料、圖片來源: Facebook／Happy Cats、Instagram／ojarinn更多內容，請上毛愛蘋果粉絲團推薦閲讀【撒嬌片】阿嬤來了！ 雪橇犬激動迎門【焦點放錯片】松鼠找到家 耳朵毛意外成焦點【消暑片】超萌薩摩耶 就愛躲冰箱 
apl201707080006000,http://www.appledaily.com.tw/realtimenews/article/animal/20170708/1156149/袋鼠遇車禍死亡　寶寶伸手求生獲救,袋鼠遇車禍死亡　寶寶伸手求生獲救,2017/07/08 00:06,網站Bored Panda近日分享圖文，澳洲發生汽車撞到袋鼠，導致袋鼠當場死亡的悲劇，救難人員到達現場時肇事車輛已逃離現場，他們發現在死亡的袋鼠育雛袋中有隻小手不斷揮舞，似乎在告訴救難人員牠在那一樣，這才驚覺是隻剛出生的小袋鼠。救難人員趕緊將牠救出，並帶回給予妥善照顧，他們表示「若再晚些到達現場，也許牠會被螞蟻或其它動物傷害。」他們將扛起照顧小袋鼠的責任，等牠健康長大後，再移到野生動物園區生活。（吳宣／綜合報導）資料來源：網站Bored Panda更多內容，請上毛愛蘋果粉絲團推薦閲讀【撒嬌片】阿嬤來了！ 雪橇犬激動迎門【焦點放錯片】松鼠找到家 耳朵毛意外成焦點【消暑片】超萌薩摩耶 就愛躲冰箱 
apl201707080006001,http://www.appledaily.com.tw/realtimenews/article/forum/20170708/1156480/李釋釗：活在過往虛幻榮光的赴中退將,李釋釗：活在過往虛幻榮光的赴中退將,2017/07/08 00:06,李釋釗／兩岸智庫研究員在國軍體系中，有一小撮年長的退役將領，仍活在過往的榮光中。然而，這種榮光不是投射在對抗他們曾痛恨的中共身上，而是80多年前的日本人。 從幾年前的知名退將夏瀛洲在中國土地上說出「今後不要再分什麼國軍、共軍，我們都是中國軍隊」；或在中國人民大會堂起立聽著中華人民共和國國歌；到近日郝柏村講出「國共兩黨對日抗戰都有貢獻和犧牲，這是共同的光榮」，這些退將用行動證明，他們毫不懷疑地懷抱大中國主義，以存留生命的最後一點剩餘價值。 他們的榮光，建立在對抗80多年前的大日本帝國上；他們的驕傲，來自於對騁馳中原土地的思想情懷中。不幸的是，這群退將的榮光和驕傲，一再擾亂著台灣社會的主流認同。幸運的是，這群退將們的榮光和驕傲，從未是當今台灣社會主流的價值觀。 對他們和中共而言，中華民族永遠高於民主自由；任何的民主價值，必須服膺於民族大義。這是他們動盪戎裝一生的悲哀，也是台灣走向正常國家體制必須劈開的荊棘。這群曾經領導國軍弟兄、高喊「殺朱拔毛」的退將，在中國土地上，與他們曾經的敵人中國共產黨，把酒言歡，合奏著大中國主義的主旋律，無疑是對中華民國國家尊嚴的一大諷刺。 中華民國在對日抗戰中，存活下來；卻在這群退將的行動中，陷入窘境。若這不是歷史的嘲諷，什麼才是？行政院6日通過《兩岸人民關係條例》修正草案，要求退將或曾任高官赴中時，不能參加由中國主辦的政治性活動。表面上，這被大中國主義份子視為民進黨抗中的行動；實質上，這是台灣社會對這群混淆台灣社會國家認同的退將，所忍受多時，不得不嚴肅處理的作為。 畢竟，在台灣主流社會中，國家主權和民主體制已和大中國意識分道揚鑣；台灣的民主自由不可能臣服於大中國主義意識下，成為中共威權體制下的禁臠。因此，陷入國家認同混淆的，不是當今的多數台灣人民，而是這一小群自認國家認同堅定的退將。這才是最可怕之處。
apl201707080005000,http://www.appledaily.com.tw/realtimenews/article/politics/20170708/1156345/【心結動畫】朱立倫藉前瞻奮起　與吳敦義恐成「兩個太陽」,【心結動畫】朱立倫藉前瞻奮起　與吳敦義恐成「兩個太陽」,2017/07/08 00:05,新北市長朱立倫6日邀國民黨立委與縣市長聚會談前瞻建設條例，發展為藍營縣市長「定期作東」邀藍委「定期聚會」。黨內人士觀察，朱立倫「走自己的路」態勢明顯，未來以朱為首的8縣市長與34席立委聚會，已是藍軍所有民意所在，影響力不亞於黨主席吳敦義的黨中央，若吳、朱不同調，恐怕衍生為「兩個太陽」。 以《前瞻條例》在立法院臨時會「砍半」為4年4200億元三讀為例，不少藍軍支持者批評這是「放水、輸到脫褲」，藍委許毓仁甚至爆料，國民黨團總召集人林德福未執行吳敦義「全力阻擋」前瞻的指令。黨內人士說，朱立倫為爭取地方建設「主和」，吳選擇與蔡政府區隔「主戰」，兩人在前瞻預算審查時，不無矛盾。 國民黨內前陣子傳出，有人勸進朱立倫參選台北市長，黨內陰謀論四起，有人解讀這是吳陣營想要把朱立倫鎖在地方，不影響吳敦義競逐大位。不過，朱立倫若遷戶籍，可能會產生代理市長的問題，對副市長侯友宜接棒，或藍軍輸不得新北而言，朱轉戰其他縣市投入2018的機率銳減，換言之，朱在2020對吳就是最大威脅。 另外，黨內也有風聲指出，吳屬意前台北縣長周錫瑋或內政部前部長李鴻源參選新北市長，而非朱欽定的侯友宜，吳朱關係被視為有「瑜亮情結」。黨內人士分析，吳未來在黨務人事或現市長提名輔選選策略，採取「和朱」或「反朱」策略，將是朱立倫與吳敦義分頭成為「共主」或轉化為「競爭」關係的重要觀察指標。 吳敦義日前接受專訪時自爆，自己擔任閣揆讓當時的副院長朱立倫外放選新北市長，吳解釋，當初非常重視朱，考慮民進黨對手是蘇貞昌、蔡英文等強棒，因此安排朱當副主席、副閣揆來培養他。然而，吳朱在行政院搭檔時就被視為「卡卡」，朱擔任新北市長後，吳一路從行政院長、副總統扶搖直上，因此屢傳兩人有心結。（政治中心／台北報導）
apl201707080005001,http://www.appledaily.com.tw/realtimenews/article/fashion/20170708/1156493/上流富家女不敢搶鋒芒　ANNAHU贏在「放閃」,上流富家女不敢搶鋒芒　ANNA HU贏在「放閃」,2017/07/08 00:05,台灣珠寶設計師胡茵菲（Anna Hu）所創的同名珠寶品牌ANNA HU今年邁入十周年，品牌攜手佳士得拍賣舉辦高訂珠寶巡展，日前到了巴黎發表，包含名媛派瑞絲希爾頓的妹妹妮姬希爾頓（Nicky Hilton）與其夫婿、德國公主Elisabeth von Thurn und Taxis、女巴菲特股神劉央等人都到場同慶，但星光閃，珠光、鑽芒更亮，現場一只鑲嵌102.15克拉丹泉石主石的「雅典娜海之頌胸針」，綴上黃鑽、帕拉伊巴碧璽、彩色碧璽、彩色剛玉、月光石，極為吸睛，也難怪向來搶鏡的妮姬希爾頓這次也不敢搶鋒芒。另外，胡茵菲也善用澳洲天然黑蛋白打造出「大地蜻蜓胸針」與「大地蝴蝶戒指」，藉澳洲天然黑蛋白帶點神祕的多彩特色，打造蜻蜓與蝴蝶軀幹、翅膀，配上黃鑽、荷蘭石、黃鑽、翠柳石、帕拉伊巴碧璽等彩寶，讓自然風也可超奢華。（林哲良／台北報導）【小編推薦】畢卡索之女捉刀Tiffany 神力女超人搶頭香
apl201707080005002,http://www.appledaily.com.tw/realtimenews/article/entertainment/20170708/1156545/【狗仔偷拍】蠟燭妹這次不黏郭品超　大肌肌吊嘎男陪吃,【狗仔偷拍】蠟燭妹這次不黏郭品超　大肌肌吊嘎男陪吃,2017/07/08 00:05,23歲的陳敬宣在三立偶像劇《我的愛情不平凡》演配角，她最為人熟知的是她被《蘋果》直擊陪郭品超買蠟燭、出遊，卻低調稱跟郭品超是朋友，但日前又被本報直擊跟「同業」友人王家梁、楊晴、郭彥甫喝下午茶，身材高大壯碩的王家梁跟她緊鄰而坐、相談甚歡，只是最後分開走沒下文。上周三下午，《蘋果》在台北街頭巧遇陳敬宣，只見她悠哉穿越馬路到便利商店提款機領錢，接著招了計程車直奔南京東路某巷子內某餐廳跟友人會合，餐廳內久候多時的是楊晴、王家梁跟郭彥甫，4人邊享用美食邊聊天消磨午後時光。細看跟陳敬宣並肩而坐，外型高大壯碩的王家梁跟郭品超屬同類型帥哥，2人頗有話聊，4人拍完大合照後還刻意分組離開。據悉他們其實是去年因合拍《讓愛飛揚》建立交情，陳敬宣透過伊林經紀公司表示，大家拍完戲感情一直維繫，這次聚會是為慶祝拍戲1周年敘舊。（特勤組、葉婉如／台北報導）【小編推薦】【爆雷慎入】《花甲》最終章噴淚彈 鄉民「哭掉一整串衛生紙」他拒演《流星花園》道明寺 言承旭才有機會暴紅
apl201707080004000,http://www.appledaily.com.tw/realtimenews/article/3c/20170708/1155368/【3C發燒片】爆乳比基尼消火氣　投影觸控超神奇,【3C發燒片】爆乳比基尼消火氣　投影觸控超神奇,2017/07/08 00:04,炎炎夏日，有不少清涼TV Game可消消火氣。像是PS4剛上市的《閃亂神樂》新作不只有清涼泳裝，眾多爆乳正妹拿起水槍來場濕身大戰，炎熱感瞬間消除。而Sony  Xperia Touch智慧互動投影機，可偵測前方平面自動對焦，進行超短焦投影，並搭載紅外線偵測感應技術，可作為一台能在任何平面都能當成觸控螢幕，投影畫面尺寸為23~80吋，最多支援10點觸控，適合進行多人互動遊戲，售價4萬7900元。另外父親節快到了，根據飛利浦表示，刮鬍刀大多都是女性為男性添購，因此今年推出買刮鬍刀送女性家電，準備討好掏錢的女性族群，像是高規的S9751型號，買就送價值1萬5000元的電動牙刷和眼部舒壓器，但刮鬍刀售價也不便宜，要價2萬2888元，快看影片，了解這一周3C發燒事。 (副刊3C組／綜合報導) 【養眼片】爆乳比基尼消火氣　夏天就要這樣玩【有片】刮鬍刀贈品戰　討好女性購買者【實測片】這台投影機施魔法 讓任何平面都能觸控小編推薦【有片】家長暑假餐餐做 有了這些料理超省力     【經典片】紅了34年不退燒　最狂電玩主角就是他 
apl201707080004001,http://www.appledaily.com.tw/realtimenews/article/strange/20170708/1156226/【消暑】好愜意！野餐還能吹冷氣,【消暑】好愜意！野餐還能吹冷氣,2017/07/08 00:04,炎炎夏日，台北W飯店與人氣甜點店Yellow Lemon合作，於The Kitchen Table西餐廳推出「檸夏」下午茶。台北W飯店公關Jade說：「我們特別用野餐的概念呈現，這次總共有九款的鹹甜點心，及兩款特製茶飲，會裝到野餐籃裡，送到客人桌上。」製作蘋果派，得先將蘋果切片糖漬，再風乾兩天製成香脆果片，夾入香蕉果醬、海鹽、焦糖和跳跳糖。Yellow Lemon主廚Andrea Bonaffini說：「蘋果派源自我童年的回憶，我奶奶做的蘋果派，經改良後，用比較有趣的方式呈現。」變得更薄脆的蘋果派，濃郁的果香蹦出跳跳糖驚喜的口感，相當有趣。另一款，放入季節莓果及優格的巧克力蘋果，綿密的口感酸酸甜甜，帶著巧克力厚重香氣。造型奇趣的鮮蔬盆栽，也很吸睛，盆栽底部為檸檬瑞可塔起司，上層像泥土的部分，則混合了菲達乳酪、可可粉、杏仁碎粒和松露粉，再放上玉米筍等季節食蔬，吃來清爽又健康。創意又美味的甜點，是不是也讓你想出去野餐了呢？(陳漢昇/台北報導)W HotelThe Kitchen Table忠孝東路5段10號10樓(02)7703-8755檸夏下午茶活動至9/1推薦閱讀：【養眼片】直擊AV女優三上悠亞　祕密來台拍寫真【燒腦片】看完這部 腦袋都打結了【實在片】刨冰店裡的百萬音響 
apl201707080004002,http://www.appledaily.com.tw/realtimenews/article/animal/20170708/1156382/狗狗對抗夏日大作戰主人要注意這幾點….,狗狗對抗夏日大作戰 主人要注意這幾點….,2017/07/08 00:04,炎炎夏日，主人常會帶自己家的狗狗出去玩耍，但有些事情不能不注意，臉書American Kennel Club分享幾點注意事項，第一點是盡量不要讓狗狗走在很熱的馬路上，因為狗狗的腳並不耐燙，被太陽照射過的路面可能會造成狗狗的腳受傷，第二點是給時常給牠們水，多補充水分對狗狗是有好處的，最後是盡量不要讓狗狗過度運動，且要注意牠們呼吸的狀況，適時地到陰涼處休息，主人多多留意這些注意事項，才能讓狗狗盡情享受夏天。（陳映彤／綜合報導）更多內容，請上毛愛蘋果粉絲團推薦閲讀【撒嬌片】阿嬤來了！ 雪橇犬激動迎門【焦點放錯片】松鼠找到家 耳朵毛意外成焦點【消暑片】超萌薩摩耶 就愛躲冰箱 
apl201707080004003,http://www.appledaily.com.tw/realtimenews/article/forum/20170708/1156474/劉烱錫：國名之外　總統、永續也要正名,劉烱錫：國名之外　總統、永續也要正名,2017/07/08 00:04,劉烱錫／國立台東大學生命科學系教授《前瞻基礎建設特別條例》在吵鬧聲中已三讀通過。明明是基礎建設計畫，為甚麼要加個「前瞻」？這個前瞻如何定義？如果由總統或行政院長說的算，筆者認為這樣的政府留著威權獨裁的基因，不符合由公眾論述而形成共識的民主程序。不只這次的「前瞻」如此，我國從國名、地名、總統、永續等語詞的定義也常常名實不副或混亂，呼籲轉型正義之外，也要進行正名運動。記得1988年《野生動物保育法》起草時，曾長期居留德國的台大森林系陳澤裕教授質疑該草案中野生動物的定義，他開設的野生動物經營課程，光是討論定義就花了半個學期，野生、動物、野生動物都要定義，還要比較各國說法與法院判例，衡量我國既有法規、國情、原住民文化等後，才可以下定義。例如，野豬被捕獲而豢養後，算不算是野生動物，家豬或與野豬雜交所生的家豬跑到野外，也算野生嗎？當時覺得很繁瑣的課程，2004年我在太麻里鄉Lalaulan部落聽到戴先生講柯林頓的故事，特別有感。戴先生說1992年初，他抓到一隻小野豬，想分享族人，他父親稱體形要夠大才可分享，否則會被別人訕笑。所以，戴先生把牠養下來，並以當年就任美國總統的柯林頓先生命名；沒想到這隻跛腳的柯林頓很有種，和好幾隻母豬生了小豬，很多都帶有小野豬特有的金黃色條紋，如果野生動物保育官員來查緝，可能誤以為是野豬。德國人不但轉型正義做得好，也很在乎各個詞語的定義，要夠清楚和精確，才不會造成執法的困難或兩造因定義不同而誤會或矛盾。我國沿用清帝國、日帝國等封建社會的翻譯，將president 翻譯為「總統」，這個中文字照字面翻譯為英文是general ruler，簡直比皇帝還獨裁。加上第一任總統蔣介石列名國際殺人排行榜的前茅，且總統做到死，還繼續由他兒子做到死，更加深國人對「總統」是獨裁者的印象。如今，我們已經民選五次總統，這是對內領導公務員與軍警向人民效忠並服務，對外代表國家的職務，並非獨裁者或統治者，理應更改「總統」之名，相信有更貼切的詞彙可表達其職務意義，例如國家元首，簡稱元首等。聯合國在1992年的環境與發展會議基於環境人權與發展人權而提出環保前提的發展方式，稱為Sustainable Development。聯合國與中國翻譯為可持續發展，我國翻譯為永續發展。在台灣，很少人知道這是花了多少血淚代價，才獲得幾乎所有國家的簽署同意。結果，國人大多依照字面隨意說說，連行政院永續發展委員會的行政部門也常不了解永續發展的脈絡與定義。例如農委會永續獎的農田水利工程，連生態基礎流量都沒留給溪流，水利公園也沒有生物多樣性概念，簡直和永續發展背道而馳。企業所聲稱的永續經營更往往以持續獲利為目標，多與環保無關，甚至還汙染破壞環境，連非法吸金的公司也愛用「永續經營」。台灣離譜的名詞還很多，例如河川治理，這個「治理」可不是自我治理（self governance）的治理，所以沒有利害關係人的參與式民主過程，往往只是河川主管機關的硬體建設。而一些學者與官員老愛講的共管(co-management)，沒先搞定利害關係人的治理權(governance right)，所以無法釐清哪些部分該給誰管、分開管、自我管、共同管、委託管等問題，所以一直是窒礙難行的口號。自然資源常用的Conservation（保守、節約、謹慎）被翻譯為保育，容易讓人誤以為是「保護與教育」或「保護與復育」，中國翻譯為「保護」，這些字眼充其量都是conservation的手段，不但沒有充分彰顯永續的核心意義，更妨礙「永續利用」成為的Conservation的主要手段。結果，我國自然資源保育主管機關三十年來不但沒有永續利用自然資源，以創造綠色經濟產值，還違反人權，侵害原住民對動植物資源永續利用的權利與文化。我國文化目前對重要辭語仍不太講究其定義的精準，甚至還有人創造「九二共識」，以其模糊而沾沾自喜。這樣一來，當需要定義的時候，往往是有權有勢的「大師」、「大官」、「大國」依自己的認知和利益來定義。台灣人不只對專有名詞不在乎，連冠在自己頭頂的部落、地名、鄉鎮名、人名等也不太在乎。根據歷史學者考據，十七世紀時期荷蘭人所記錄的台南市Teyouan部落，後來被稱為台窩灣、台員、大員，清帝國之後，以比劃特多的「台灣」沿用至今，是不是也可以檢討一下，有沒有更好的字彙呢？台東縣大武鄉也有個語音和台灣頗近的Tawoan部落，意思是人（tao）的地方（an），清帝國記為大烏萬，日帝國誤記為大鳥萬，再簡化為大鳥，中華民國時期沿用大鳥至今，幾年前部落入口放了一隻大鷹展翅的雕像。沒想到部落名稱可以錯得如此離譜，族人不但不痛不癢，還自己穿鑿附會配合。事實上，歷經殖民統治與白色恐怖，國人對名不副實、指鹿為馬的事情似乎已習以為常。當1949年中華人民共和國建國，我國僅包括台、澎、金、馬的領域時，繼續自稱是中華民國就名不副實了，但我們的《憲法》與教科書還聲稱領土包括早已建國的蒙古國土地。更誇張的是，面對中華人民共和國硬逼我國接受一個中國時，我們還對外堅稱國號為中華民國，不願正名為台灣或台澎金馬民主國，這不只讓外國人認為我們很不講理，恐怕國人也會精神錯亂，難道要繼續這樣不正常？建議我國從國名到地名、各種專有名詞都應重新正名；另外，中文字與羅馬字可並列書寫，這樣外來語可直接使用，減少翻譯落差，也有助於實踐台灣是多元文化的國家發展方向。
apl201707080003000,http://www.appledaily.com.tw/realtimenews/article/entertainment/20170708/1156280/他拒演《流星花園》道明寺　言承旭才有機會暴紅,他拒演《流星花園》道明寺　言承旭才有機會暴紅,2017/07/08 00:03,偶像劇之母柴智屏也曾被人打槍，而且是當時25歲的小天王王力宏。16年前打開台灣偶像劇史的《流星花園》，製作人柴智屏初期尋找男演員的第一人選其實不是言承旭，而是王力宏。柴智屏受訪說：「當時根本沒什麼偶像演員，我在做《超級星期天》，然後剛好王力宏來上節目，我覺得他又紅又帥，問他有沒有意願，如果他答應，男主角就會是他了。」柴智屏說，王力宏那時回答她，自己的重心還想放在音樂，暫時對演戲沒有興趣，所以作罷。若王力宏當初答應，就沒有今天的言承旭了。後來，「超級任務」單元導演柯欽政，正在拍校園片《麻辣鮮師》，柴智屏跟柯欽政也熟識，才相中言承旭，借將來飾演「暴龍」。時隔16年，柴智屏和王力宏私下相約聚會，她正在籌備新版《流星花園》，開玩笑問他：「當初找你演F4不答應，現在只好找你唱主題曲了。」王力宏回她：「你先找到你的新F4成員，我才知道怎麼寫吧。」合作已有共識。（張哲鳴／台北報導）【小編推薦】【爆雷慎入】《花甲》最終章噴淚彈 鄉民「哭掉一整串衛生紙」
apl201707080003001,http://www.appledaily.com.tw/realtimenews/article/animal/20170708/1156307/【撒嬌片】阿嬤來了！雪橇犬激動迎門,【撒嬌片】阿嬤來了！ 雪橇犬激動迎門,2017/07/08 00:03,這兩隻人氣雪橇犬Phil和Niko聽到阿嬤來了，激動拍門迎接阿嬤的到來，IG「lifewithmalamutes」6/23 上傳一支有趣影片，飼主門一打開，兩隻雪橇犬立刻衝向屋內跟阿嬤撒嬌，讓阿嬤笑得樂不可支，根據平時分享的生活動態，阿嬤特別疼這兩隻雪橇犬，也喜歡餵食物給牠們，網友笑回：「根本是兩顆肉球阿！」、「阿嬤來了也太激動」、「一看就知道是阿嬤養的」。(賴俊佑／綜合報導)資料、圖片來源：IG/lifewithmalamutes更多內容，請上毛愛蘋果粉絲團推薦閲讀【焦點放錯片】松鼠找到家 耳朵毛意外成焦點【消暑片】超萌薩摩耶 就愛躲冰箱 
apl201707080003002,http://www.appledaily.com.tw/realtimenews/article/strange/20170708/1156351/【副刊精選】蛋糕竟值校長薪水,【副刊精選】蛋糕竟值校長薪水,2017/07/08 00:03,一周又匆匆地過去了，趕快來看本周副刊精選。首先是日本三省堂千葉店、書泉秋葉原和神保町店，統計2/1至4/30寫真集銷售排行，第1名為川口春奈，由潮流雜誌《nicola》專屬模特兒發跡，還曾主演多部電視劇和電影，第2名為女子偶像團體櫻花學院第6代成員倉島颯良，和曾為電影《名偵探柯南：業火的向日葵》配音的黑澤美澪奈，共同推出的寫真書。另外，一起來看看台中IKEA從2016到2017年統計「換季特賣商品」銷售最好的前三名是什麼吧！在台中熱銷的第三名是儲物櫃框，第二名的是抽屜櫃，最常被放在臥室當作衣物收納，第一名的則是適合擺在客廳的咖啡桌。豐原被譽為糕餅之鄉，這裡有一味教日本皇室閑院宮載仁親王吃完還要的鹹蛋糕喔！原來當台灣鐵路貫通在台中接軌完成時，載仁親王來台主持貫通典禮，中部士紳動員款待他，當年廚師呂水靈機一動，用清蒸的方式蒸出了蛋糕，將手邊現有的鴨蛋、碎肉、蔥末等等炒出一個餡料，夾在蛋糕中間，做成1個甜中有鹹的甜點，受載仁親王打賞了20塊錢，而當年的20塊錢相當於1個中學校長1個月的薪水。（黃銀川／綜合報導)副刊一周影片精選連結：【有片】這5本熱銷寫真集　暗藏日本國寶級美臀【有片】台中人逛IKEA　竟都在搶買這張桌子【美味片】什麼樣的蛋糕　竟值中學校長1個月薪水更多內容，請上毛愛蘋果粉絲團推薦閱讀：【養眼片】直擊AV女優三上悠亞　祕密來台拍寫真【燒腦片】看完這部 腦袋都打結了【實在片】刨冰店裡的百萬音響 
apl201707080003003,http://www.appledaily.com.tw/realtimenews/article/3c/20170708/1156550/【有片】家長暑假餐餐做有了這些料理超省力,【有片】家長暑假餐餐做  有了這些料理超省力,2017/07/08 00:03,暑假孩子餐餐在家，餐餐難做餐餐做，家長欲速戰速決又不失健康、創意，在網購平台上掀起一股「即食商機」。根據好吃宅配網統計，家長們為暑期應戰提前做準備，旗下免運費「即食美味」專區6月整體銷量較5月成長約3成，而PChome商店街則觀察，消費者購入即食商品最在意「烹飪難易、飽足感、衛生品質」等條件，熱銷客單約落在1200~1500元。GoHappy快樂購物網站上，自6月份起速食料理包銷量攀升，較5月相比增近5成，其中以可用包裝袋當碗，韓國新品「DOORI DOORI泡飯、泡麵」銷量最佳，總銷量佔同類商品約4成；而夏季食物保鮮格外重要，瓶蓋能直接刨絲，或內附醬料杯的多用途保鮮沙拉罐也熱銷。採複合式、可迅速製作食物的廚房用品也備受喜愛，Yahoo奇摩購物中心站上可在10分鐘之內製冰的商品在夏季銷售約成長3成，親子互動之餘，又能搞定孩子的味蕾。（唐子晴／台北報導）小編推薦【經典片】紅了34年不退燒　最狂電玩主角就是他【3C發燒片】爆乳比基尼消火氣　投影觸控超神奇 
apl201707080002000,http://www.appledaily.com.tw/realtimenews/article/animal/20170708/1156250/【消暑片】超萌薩摩耶就愛躲冰箱,【消暑片】超萌薩摩耶 就愛躲冰箱,2017/07/08 00:02,炎熱的夏季，大家都如何消暑呢？臉書汪汪仙貝近日分享一段影片，越南有隻可愛的小薩摩耶犬跑到自家冰箱躺了下來，飼主見狀想把牠抱出來，但狗狗卻不給飼主抱，還試圖掙脫，好不容易拉出來後，狗狗又再次爬進冰箱，可愛模樣令飼主都哭笑不得，網友看了也紛紛留言「這隻是北極熊吧？哈哈哈！」、「好可愛哦～」、「我也想買個大冰箱冰我家柴柴！」（吳宣／綜合報導）資料來源：Facebook/汪汪仙貝更多內容，請上毛愛蘋果粉絲團推薦閲讀【撒嬌片】阿嬤來了！ 雪橇犬激動迎門【焦點放錯片】松鼠找到家 耳朵毛意外成焦點 
apl201707080002001,http://www.appledaily.com.tw/realtimenews/article/fashion/20170708/1156444/畢卡索之女捉刀Tiffany　神力女超人搶頭香,畢卡索之女捉刀Tiffany　神力女超人搶頭香,2017/07/08 00:02,畢卡索家族個個有才，畢卡索（Pablo Picasso）在藝術上的貢獻無可比擬，其女Paloma Picasso同樣在時尚、珠寶設計上造詣非凡，早在1980年起就為Tiffany設計珠寶，而今年她再為品牌捧上全新設計Paloma's Melody系列五環珠寶，五環連結設計，象徵著夢想、愛戀、創造力、心靈力量與願望等正面力量的連結，柔美之姿，也難怪連《神力女超人》蓋兒賈多特（Gal Gadot）也要搶頭香，出席電影首映時，就搶先配戴Paloma's Melody系列五環戒混搭HardWear珠寶，成為全球首位戴上此系列珠寶的女星。Paloma Picasso這次以生活中的悅耳聲線為靈感鋪陳出Paloma's Melody的五環線條，此系列具18K金、白金與鋪鑲明亮式切割鑽款戒指、手鐲與鍊墜。（林哲良／台北報導）【小編推薦】上流富家女不敢搶鋒芒 ANNAHU贏在「放閃」
apl201707080002002,http://www.appledaily.com.tw/realtimenews/article/forum/20170708/1156471/​建築師簡學義：建築的文化殖民地,​建築師簡學義：建築的文化殖民地,2017/07/08 00:02,簡學義／竹間聯合建築師事務所主持人在「全球化」的同時，「在地性」的重要已是無庸置疑的「主體性」自覺，然而台灣政府對待建築文化的態度卻仍處於「被殖民」的狀態，自2003年起，由台中古根漢美術館事件引發藉由「國際明星建築」冀望達到「城市行銷」短線操作的流行現象如病毒般的蔓延，從此台灣城市的指標性公共建築無不以國際競圖的模式進行，15年30件的國際競圖，堪為世界第一的金氏紀錄，台灣到底是最「國際化」的「國家」？還是最缺乏「主體性自覺」的「民族」？美國建築大師路易．康（Louis I．Kahn）說：「建築是這個文化世界的模型，它不是這個世界的外形，而是內在的形。」而這個藉由諸多進口的「國際建築大師」所妝點的台灣建築文化容顏，又是如何展現了我們民族的內在世界？在此「國際化」只不過是「媚外」沒有「自信」，甚至「貶抑」自己國內建築專業的藉口，美名「城市行銷」更是短線操作媒體效應，作為「政績宣傳」政治企圖的遮羞布而已。在2006年前氾濫的台灣國際競圖中，台灣的建築師在面對政府採購國際名牌的既定立場下，尚可以是一個保有尊嚴去勇敢獨立挑戰不對稱戰爭的殺戮戰場。雖然政府大言不慚，謂提高2~3倍於台灣公共工程標準的設計費乃為吸引國際品牌的競標，而在極少數不小心被國內獨立的建築師得標時（目前僅2次）卻痛徹心扉，如簽賭失敗而懊悔不已，甚至厚顏向台灣建築師要求折扣索回。於2014年起，台灣操作國際競圖更趨成熟詭詐，以明示暗示的規定要求台灣建築師代理進口國際建築師，美其名賦予台灣建築師進口的主導權，實為節省成本，降至約1.5倍於台灣公共工程標準的設計費，僅想採購國際進口的設計「創意」精髓，然而閹割了台灣建築師的「創意」，台灣的建築師不就只是喪失靈魂的行屍走肉而已嗎？而如今，更進一步的變本加厲，竟敢公然於「政府採購公報」的「招標須知」中要求台灣建築師賣身予國際建築師，如近日台中市政府於浩蕩取消「台灣塔」計劃後，重啟的「智慧營運中心」競圖標案中更明訂35％的設計費（餘為20％的設計費與45％的監造費）與主要工作必須由台灣建築師自戕讓渡予代理進口的國際建築師始得參與競圖投標，此一污辱台灣建築師的作為，竟能堂而皇之以政府之名為之，這難道不已是一個徹底毀棄自己「尊嚴」的國家？過去的台灣國際競圖只不過是「媚外」缺乏自信的懦弱，然而現在卻已演化為不知羞恥的文化買辦尚傲然洋洋自得。有道是「都市乃集體心靈的顯相」，有志的建築師懷抱著理想所投身的也就是參與文化顯相建構的過程，然而在政客的短線操作下，文化卻早已離我們遠去。
apl201707080002003,http://www.appledaily.com.tw/realtimenews/article/3c/20170708/1156512/【經典片】紅了34年不退燒　最狂電玩主角就是他,【經典片】紅了34年不退燒　最狂電玩主角就是他,2017/07/08 00:02,2017美國洛杉磯E3電玩展盛大落幕，眾多新遊戲出品，其中自然少不了任天堂的招牌─《超級瑪利歐奧德賽》，預計今年冬季發售，在E3展的試玩上就湧入不少人潮，瑪利歐系列遊戲從1983年持續發燒到現在，魅力不減，究竟這位水管工大叔，是如何叱吒遊戲界，成為遊戲界經典中的經典呢？瑪利歐最早出現在1980年的《大金剛》中，當時的主人翁不叫瑪利歐，而是一位名叫跳躍者(jumpman)的木匠，被綁走的女人則是他的女友寶琳，壞人不是大加上熟悉的大魔王庫巴，而是由大金剛扮演，有趣的是，在《大金剛》系列的第二部，被綁走的人卻變成大金剛，綁架犯是瑪利歐，玩家需透過小金剛來拯救自己的父親。而為瑪利歐這名字定型、且確定為水管工人形象的，是在1983年推出的《瑪利歐兄弟》，也是兄弟路易吉得初次登場，遊戲中的烏龜更是後來遊戲系列中不可或缺的怪物。論及瑪利歐系列的功勞，莫過於它的橫向卷軸動作。1985年發售的第1代《超級瑪利歐兄弟》，擺脫早期固定住的遊戲畫面，從左至右的直線闖關遊戲，成為許多平台遊戲的基礎範本，比如《音速小子》、《冒險島》等。也是從第1代開始，為整個瑪利歐系列打下深厚的基礎，不僅創下全球銷量超過4024萬套的好成績，更在之後推出的2代、3代中增添許多道具，增加闖關的趣味性，比如吃了葉子變成狸貓裝的瑪利歐，或者可以快速破關的魔笛等。不只如此，1996年推出的3D遊戲《超級瑪利歐64》更為3D遊戲立下標竿，雖然早在1993年就已經有3D的《毀滅戰士》，但整體呈現沒有臨場感，反觀之《超級瑪利歐64》，雖然3D畫面不夠精緻，但因為操作簡單，加上打破以往單線闖關遊戲的設計，成為一個關卡中還藏有許多關卡的沙盒類型遊戲，此類的遊戲還有《超級瑪利歐陽光》，以及今天預計推出、睽違15年的《超級瑪利歐奧德賽》。瑪利歐造型的價值也很高，看中這一點，任天堂在往後的系列遊戲中，角色的塑造更顯生動，也帶動周遭其他角色人物的特色，比如碧姬公主的跳躍有滯空能力、兄弟路易吉跳躍比較高等，除了給玩家豐富的選擇性，也增添遊玩時的趣味，還讓周邊的產品相應而出。算到今年，瑪利歐已經34歲了，與其它同期的遊戲相比，瑪利歐系列遊戲仍在電玩展上發光發熱，其形象在遊戲產業上佔了舉足輕重的位置，更不用說它還是任天堂的重要招牌人物，相信這位水管工大叔的魅力還會在未來持續著。(貢曉立／綜合報導)小編推薦【有片】家長暑假餐餐做 有了這些料理超省力     【3C發燒片】爆乳比基尼消火氣　投影觸控超神奇 
apl201707080002004,http://www.appledaily.com.tw/realtimenews/article/local/20170708/1156623/粉絲頁曝光男男3P　「經紀人」疑涉誹謗,粉絲頁曝光男男3P　「經紀人」疑涉誹謗,2017/07/08 00:02,北市1名男子在某同志臉書社團粉絲頁，驚見有人隱匿真實身份故意留言指他曾經男男3P，認為名譽受損怒提告。檢警傳喚與該男子3P的帥氣男大生到案，男大生證稱，此事曾向2名自稱演藝圈經紀人的同好於視訊過程談起過，檢方懷疑會不會這2人當中有人吃起醋來，故意PO文抖出舊事，藉此修理原告，日前循線查到2人當中的朱男，但調查後發現並非朱男所為，予不起訴，至於另名可能涉案的中國籍吳男，檢方將簽分偵辦。這個看起來有點小複雜的故事，要從男大生說起。這名長相帥氣、體格結實又陽光的男大生，嚮往演藝圈發展，2015年間在某個同志臉書社團認識2名網友，2人自稱經紀人，他表達想往演藝圈發展一事，2人與男大生視訊。但男大生在與2人視訊聊天時，曾無意間說過他的3P愛愛史，對象就是該臉書社團的一對情侶（其中一人即是原告），男大生認為，那是奇妙體驗之最。不料沒多久，此一私下分享的3P情慾流動，竟被人匿名PO出曝光。檢方受理告訴後，抽絲剝繭找到這名關鍵的男大生，男大生證稱，確實曾與原告3P，也曾經將此事告訴2名自稱演藝界的經紀人，並提及其實視訊過程中，2名「經紀人」要他脫衣展現自我，最後要求越來越過分，還要求在視訊過程打手槍，他雖聽從，但最後並未如願進到演藝界。檢方綜合分析後研判，懷疑2名經紀人當中，可能有人沒吃到這名男大生而吃醋，PO文修理原告，同時從IP查出當時與男大生視訊的其中1人、朱姓男子，但朱男到案否認PO文，檢方再細查，亦無證據可證明朱男涉嫌PO文，因此日前處分不起訴。至於另名與男大生視訊的吳男是中國籍男子，檢察官將續簽分偵辦。（呂志明／台北報導）【更多司法新聞，請看《蘋果陪審團》粉絲團】小編推薦:【法律問蘋果】租屋族注意　預付押金反悔拿不回女大生控遭撿屍性侵1晚3次　結果真相是... 
apl201707080002005,http://www.appledaily.com.tw/realtimenews/article/strange/20170708/1156678/【實在片】刨冰店裡的百萬音響,【實在片】刨冰店裡的百萬音響,2017/07/08 00:02,又到了吃刨冰消暑的季節，市面上冰店百百種，這間位在永吉路上的刨冰店，除了吃冰，還可以聆賞百萬級真空管音響帶來的悠揚樂音。老闆陶怡緯本業是音響空間規劃，因為喜歡喝甜湯，卻總是找不到自己能夠放心吃的甜湯店，所以決定自己開一間。強調自製配料，從坊間少見的蜜芭樂、蜜鳳梨，到刨冰店必備的粉圓、芋圓等等，都是陶怡緯親手做出來的。其他像是紅豆湯、花生湯也分別得花上3小時、8小時熬煮，這也就是店名3+8冰果花園的由來。今年夏天，想要吃到用料實在，且使用良心食材的刨冰，別忘了來這邊走走。(石永豪/綜合報導)DATA3+8冰果花園台北市信義區永吉路409號(02)2765822515:00-22:00推薦閱讀：【養眼片】直擊AV女優三上悠亞　祕密來台拍寫真【燒腦片】看完這部 腦袋都打結了 
apl201707080001000,http://www.appledaily.com.tw/realtimenews/article/strange/20170708/1156368/【養眼片】直擊AV女優三上悠亞　祕密來台拍寫真,【養眼片】直擊AV女優三上悠亞　祕密來台拍寫真,2017/07/08 00:01,日本性感女星三上悠亞低調來台拍攝海外寫真集，寫真集內容充滿夏日風情，不僅出動遊艇遊淡水河，也到宜蘭民宿、沙灘取景，有度假、居家等各種風格。三上悠亞也在個人的Instagram及twitter分享這次在台灣的工作照片，各種性感畫面讓粉絲們好期待書能趕快上市。寫真集《Your girl》將有100頁，附贈DVD及唇印卡，售價799元，預計7月中開放預購。（劉欣欣／宜蘭報導）推薦閱讀：【燒腦片】看完這部 腦袋都打結了【實在片】刨冰店裡的百萬音響 
apl201707080001001,http://www.appledaily.com.tw/realtimenews/article/animal/20170708/1156417/【焦點放錯片】松鼠找到家耳朵毛意外成焦點,【焦點放錯片】松鼠找到家 耳朵毛意外成焦點,2017/07/08 00:01,臉書The Dodo分享一隻松鼠小時候失去了媽媽，以致於沒辦法自己一個人在野外生活，然後被救援人員救到收容所，後來找到一個願意照顧他的家，現在過得非常好，被取名為Fluffy！但牠耳朵上的毛卻成為網友們討論的焦點，紛紛留言「耳朵毛好特別喔」、「恭喜牠找到家，但耳朵上的毛好可愛」、「耳朵也太有戲」。（陳映彤／綜合報導）資料來源： 臉書The Dodo更多內容，請上毛愛蘋果粉絲團推薦閲讀【撒嬌片】阿嬤來了！ 雪橇犬激動迎門【消暑片】超萌薩摩耶 就愛躲冰箱 
apl201707080001002,http://www.appledaily.com.tw/realtimenews/article/finance/20170708/1156679/南韓成外商銀行墳場　花旗80分行今年收攤,南韓成外商銀行墳場　花旗80%分行今年收攤,2017/07/08 00:01,《韓聯社》引述產業消息來源報導，美國花旗集團（citi）開始關閉南韓實體銀行，旗下子公司韓國花旗銀行（Citibank Korea Inc）周五已收掉位於首爾與京畿道地區5家分行，年底前將把分行數量從現行126家降至25家，相當於將關閉80%分行。另據《日本經濟新聞》報導，韓國花旗銀行表示，關閉實體分行是為了因應產業數位化潮流，但分析師指出，獲利衰減才是迫使花旗採取此激烈舉措的原因；韓國花旗銀行2016年純益大減43.9%至1568億韓元（約45億元台幣）。《日經》指出，在1990年代晚期亞洲金融海嘯後，許多跨國大銀行紛紛跨足南韓設立據點，但迄今似乎沒有幾家成功拓展當地業務，來自本土銀行的激烈競爭、與當地強勢工會的衝突及不友善的監管機關，已令外商銀行紛紛打退堂鼓。即使是聚焦企業客戶或投資銀行業務的外商銀行，處境同樣欠佳。高盛（Goldman Sachs）、蘇格蘭皇家銀行（RBS）、西班牙外換銀行（BBVA）上月均關閉位於首爾的分行，理由除了配合全球策略調整外，自然也有在南韓市場獲利能力低落的原因。另外，瑞士銀行（UBS）與巴克萊（BARCLAYS）已宣布將退出南韓市場的計劃，預計下半年將提交監管機關批准。《日經》披露數字與《韓聯社》稍有不同，稱韓國花旗銀行目前在南韓有133家實體分行，年底前將關閉約75%分行。不過，花旗已表示將在首爾都會區增設5座大型財富管理中心，以團隊形式為當地富人提供私人銀行服務。（劉利貞／綜合外電報導）
apl201707080001003,http://www.appledaily.com.tw/realtimenews/article/entertainment/20170708/1156656/【爆雷慎入】《花甲》最終章噴淚彈　鄉民「哭掉整串衛生紙」,【爆雷慎入】《花甲》最終章噴淚彈　鄉民「哭掉整串衛生紙」,2017/07/08 00:01,植劇場《花甲男孩轉大人》在網路掀起討論熱潮後，收視率節節高升。盧廣仲在劇中飾演長孫鄭花甲，因為接到阿嬤去世消息趕回南部，阿嬤尚存一口氣彌留，帶出家族5兄妹問題及每個人的心酸，上周播出第六集，「花甲阿嬤」范足妹(鄭劉春一飾演)過世和花慧血癌男友的死別，催淚劇情讓網友哭成一片。昨晚上演大結局，再次提醒《花甲》的觀眾，以下有雷，請慎入。  --------------------------------------防雷線-------------------------------------------------大結局中，盧廣仲(飾鄭花甲)在花甲阿嬤的告別式念800字的祭文，長達7分鐘場景，他以長孫的角度講出阿嬤對兒孫們的牽掛，以及家族對阿嬤離去的不捨，內容真摯動人，盧廣仲爆哭到連鼻涕都噴出來，坐在台下的其他鄭家人，同樣紅了眼眶，讓人看了也不禁鼻酸。這場戲逼哭批踢踢大批鄉民，大呼「眼淚飆出來」、「沒媽媽叫，沒阿嬤找這句太催淚了」、「阿甲祭文逼哭全家，哭掉一整串衛生紙」。另外，花甲阿嬤的越南籍看護，阮素春(阮安妮飾演)在阿嬤出殯前，跪在阿嬤的棺木旁，淚謝阿嬤多年的照顧，自然不煽情的演出同樣讓鄉民大讚，「好猛的演技」、「阿春演技完勝阿」、「阿春哭超有感的」、「阿春演技大爆發」。雖然前半段讓人淚腺大噴發，後半段仍是美好結局，花甲阿嬤出殯時，花甲媽(王彩樺飾演)赴山頭送前婆婆最後一程，並在花甲爸(蔡振南飾演)苦勸下回到鄭家；電台主持人文文就是花甲三叔尋覓已久的張文英；阿瑋在花圃中向花甲告白，曖昧多時的兩人終於走在一起。（洪彩婷／綜合報導）【大家都在看】他拒演《流星花園》道明寺 言承旭才有機會暴紅 
apl201707080001004,http://www.appledaily.com.tw/realtimenews/article/finance/20170708/1156667/諾基亞手機浴火重生　1支賣40萬的兒子卻快掛了,諾基亞手機浴火重生　1支賣40萬的兒子卻快掛了,2017/07/08 00:01,諾基亞（NOKIA）品牌手機重返市場，但諾基亞近20年前創立的英國頂級手工精品手機品牌VERTU（威圖）在多次易主之後，如今瀕臨存亡關頭，前後買家不僅積欠178名英國員工薪水46萬1522英鎊（1869萬台幣），退休金基金帳戶也還有51萬9439英鎊（2104萬台幣）沒入帳。業界人士指出，VERTU還拖欠包括微軟（Microsoft）、高通（Qualcomm）等往來公司數百萬美元，至少欠微軟320萬美元，同時拖欠CBRE除蟲等物業管理費用近54萬美元。VERTU是諾基亞1988年在英國創立的子品牌，使用皮革、鑲鑽、鈦合金及藍寶石玻璃螢幕手工打造頂級精品手機，部分機種具備24小時尊榮客服及永久免費WiFi。VERTU手機售價從1萬英鎊（40.5萬元台幣）到27.8萬英鎊（1126萬台幣）不等，不僅有許多國際明星愛用，更獲得愛炫富的中國土豪喜愛，66%客戶來自中國，2002年推出第1支手機後，全盛時期曾年產5.7萬支手機，全球銷售額超過1.5億英鎊（60.8億台幣）。不過，VERTU以製作工藝和奢華用料見長，隨著智慧手機成為主流，更凸顯其功能與實用性的弱點，2010年由Symbian系統改為android系統，直到2011年才推出首款觸控螢幕手機，完全跟不上主流大廠產品更新速度。隨著營運走疲，VERTU不斷被轉賣，5年內轉手3次，公司價值也持續縮水，剩不到原來的1/3，2012年先被諾基亞賣給瑞典私募股權機構EQT VI，交易價格約為1.75億英鎊（約71億台幣），諾基亞保留10%股份。2015年，EQT又以4500萬英鎊（約18.2億台幣）轉賣給由北京避險基金經理人Gang Chen（Gary）實際掌控的香港戈丁控股（Godin Holdings）。為因應銷量萎縮，VERTU在戈丁控股旗下厲行成本撙節，但對奢華精品來說由奢入儉難，撙節不是可行之路，截至2015年底銷量只剩1.5萬支，2016年底戈丁控股開始尋找買家接手。VERTU再被轉手以5000多萬英鎊賣給土耳其富商Hakan Uzan時，問題來了。Uzan去年12月先接受註銷公司帳上股東貸款3200萬英鎊（13億台幣）條件，取得VERTU品牌與設計專利，今年3月在戈丁控股未建立或提供任何帳戶供調查下，未實地查核就以1英鎊買下VERTU公司實體，並承擔Gang Chen的股東貸款2050萬英鎊（8.3億台幣）。但Gang Chen卻聲稱，Uzan承諾的錢不曾到位，包括應當付給他的股東貸款及紓解公司現金危機的過渡資金，根本沒有誠意完成交易，雙方近日於英國對簿公堂，Uzan律師代表控訴Gang Chen玩殘VERTU，一系列管理調整及決策錯誤造成業績一落千丈，他們發現資源嚴重浪費，甚至拖欠供應商貨款超過12個月。在兩造爭議下，VERTU員工6月開始就沒領到薪水，雇主應付的退休金基金更從今年2月開始就沒有入帳，缺口高達51萬9439英鎊，包括2、3月原本該由戈丁控股支付的22萬160英鎊，而4、5月Uzan接手後，由於無法掌控帳戶，也沒有支付。Uzan聲稱自己是VERTU忠實愛用者，對品牌有著無比熱情，VERTU員工也多希望英國高等法院與債權人能同意讓Uzan接手，先進入破產保護程序，打消帳上1.28億英鎊（51.8億台幣）負債，再以190萬英鎊（7695萬台幣）賣給Uzan。（財經中心／綜合外電報導）【財經焦點，一定要看】【大地震動畫】微軟裁員3千人　台灣區總經理也離職【開心片】明年新iPhone全用OLED　贏家就是他【郭董機會片】OLED哀鳳輸家JDI　和夏普合作才能突圍了【厲害片】三星首度幹掉蘋果　變地表最賺錢公司【玩命的漲多拉回片~】特斯拉市值2周蒸發3700億【誰來挑戰片？】搶三星OLED霸主地位　夏普還差得遠
apl201707080000000,http://www.appledaily.com.tw/realtimenews/article/local/20170708/1156135/女大生控遭撿屍性侵1晚3次　結果真相是...,女大生控遭撿屍性侵1晚3次　結果真相是...,2017/07/08 00:00,1名失戀的女大學生今年2月到酒吧喝悶酒，同樣就讀大學的張姓男大生上前搭訕，2人聊開後，就從酒吧一路聊回女子的住處，還發生了性關係，事後女大生指控張男趁她酒醉不醒人事，把她帶回她的住處、一晚連續性侵她3次，但張男反駁，當天女子主動積極，不僅一晚要3次，還要他不要停。檢察官調閱酒吧到女大生住處沿路監視器，發現兩人一路有說有笑，並非女大生所說遭到撿屍，因此處分不起訴。這起性侵疑雲發生在今年2月間，女大生因剛與男朋友分手，獨自一人到酒吧喝酒解悶，就讀某科技大學的張姓男大生恰巧也在吧台喝酒，見到女子一個人喝著悶酒，就上前搭訕，2人聊得投緣，聊到深夜仍意猶未盡，最後還轉往女子租屋處續攤，並發生了性關係。事後女子指控，張男那天在酒吧趁她酒醉不醒人事，以撿屍的方式將她帶回她的租屋處，在她無意識的情況下，性侵她3次，事後又不願出面解決，因此提出乘機性交告訴。張男到案後，則堅稱當時雙方說好是一夜情，他絕對沒有趁人之危，張男為了證明自己無辜，還詳細的說明那晚到底發生了什麼事，他說當天是女大生帶他到她的租屋處，並主動與他發生性關係。張男供稱，當兩人第1次嘿咻時，對方突然說「不要‧‧‧不要‧‧‧」，他以為對方反悔，立即停止動作準備起身離開，沒想到最後女子蹦出「不要停」。之後2人又進行第二回，沒多久，對方又替他口交，雙方於是發生3次性關係。由於兩人各執一詞，檢察官於是調閱酒吧到女大生住處的沿路監視畫面，發現當時2人走在一起有說有笑，狀似親暱，並沒有像女大生所說的酒醉不醒人事、遭到撿屍的情況，且當天是2人第一次見面，張男根本不知道女大生的住處，又如何將酒醉不醒人事的她，帶回女大生的住處性侵，因此採信張男的辯解，處分不起訴。（呂志明／台北報導）【更多司法新聞，請看《蘋果陪審團》粉絲團】小編推薦:【法律問蘋果】租屋族注意　預付押金反悔拿不回粉絲頁曝光男男3P　「經紀人」疑涉誹謗 
apl201707080000001,http://www.appledaily.com.tw/realtimenews/article/local/20170708/1156221/【法律問蘋果】租屋族注意　預付押金反悔拿不回,【法律問蘋果】租屋族注意　預付押金反悔拿不回,2017/07/08 00:00,不具名讀者問： 我是大學生，第一次在外面租屋，原本有先看中意一間房間，為了怕被租走，所以有先預付押金，但還未簽約。最近得知我轉學考有上另間學校，我也會去就讀，請問一下我的押金是否可以全額退還？律師紀培琇答： 一般而言，還沒簽定房屋租賃契約就預付的「押金」，性質應該屬於「定金」，就是日後履行合約的承諾，因此像本題情況，房客還沒簽約就反悔不租了，此時依照《民法》第249條規定，出現可歸責於房客的事由，導致契約無法履行，房客不得請求房東返還預付的「押金」。因此，建議大學新鮮人或社會新鮮人，在挑選租屋支付定金前，先斟酌自己的經濟狀況，因為現行法律並未規定預付「定金」的成數或額度，不一定要預付一個月租金當作定金，同時要預留反悔的空間，最好能先跟房東協商。最後要提醒的是，支付定金，一定要索取收據為憑，並應跟房東約定清楚，這筆定金將來在合約生效後，是退還給房客，或是轉為第一期的租金，還是轉為押租金，這部分應特別留心，免生爭議。（記者黃哲民／採訪整理）【更多新聞，請看《蘋果陪審團》粉絲團】小編推薦:粉絲頁曝光男男3P　「經紀人」疑涉誹謗女大生控遭撿屍性侵1晚3次　結果真相是...《蘋果》即時推出【法律問蘋果】網友如有法律問題需要解答，歡迎來信e-mail：court@appledaily.com.tw
apl201707080000002,http://www.appledaily.com.tw/realtimenews/article/life/20170708/1156407/【特企】魯蛇求婚成功的秘密脫魯救星,【特企】魯蛇求婚成功的秘密 脫魯救星,2017/07/08 00:00,【特別企劃】中和大兩房只要15萬自備款，沒有富爸爸也能買得起，從此擺脫魯蛇的命運，晉升人生勝利組。女性最想要的夢幻更衣室，總價八九百萬，每月2.98萬就能輕鬆擁有新北第一圈中和兩房。兩個月狂銷近三百戶，2017熱銷冠軍，超低自備，首購族的救星，月付金與未來交屋後房貸金額相近，不會大幅增加。租一間電梯兩房，也要兩萬多，未來一毛也拿不回來，月付2.98萬，買房替未來存自己的本，達永沐夏讓成家就是那麼簡單
apl201707080000003,http://www.appledaily.com.tw/realtimenews/article/forum/20170708/1156467/醫師：別傻了，台灣的醫療品質真是不太好,醫師：別傻了，台灣的醫療品質真是不太好,2017/07/08 00:00,小波醫師／醫學中心主治醫師暨助理教授一位看了我門診六年的病人，因為病情惡化需要使用健保不給付的自費藥品，但是一個月數萬元的花費實在負擔不起，因此心情沈重的離開診間。下一位80歲老伯伯進來，生龍活虎描述最近體力變差了，想來大醫院全身檢查，電腦提示此病人今年已看病60次，因為某些減免措施，他應該從沒付任何一毛錢。我建議他去健檢中心全身檢查，他開始教訓我沒出過社會，很不會做生意，我不給他用健保全身檢查沒關係，他還是找得到醫師願意配合。也對，在這個制度下，一個小醫師又能改變什麼呢？但我還是想告訴大家這些隱藏的真相：一、「俗又大碗」的健保制度不代表有好的醫療品質何謂「醫療品質」？根據美國醫療品質協會的定義：醫療品質就是改善民眾期望的健康結果的程度及醫療服務符合最新的醫療水準的程度。簡而言之，醫療品質分成主觀的「民眾期望」及客觀的「醫療水準」。所謂的健保滿意度是建立在滿足主觀的「民眾期望」上，政治人物了解台灣人速食文化及價格取向的民族性，所以讓民眾隨時看得到病、用幾百元拿到一堆藥，所以你看健保滿意度超高。民眾自以爲很划算，大力讚揚健保的好，不用吃藥病都好了一半，如果你知道許多健保藥的單價比糖果還便宜，病情不知會不會加重。至於客觀上的「醫療水準」，大部分民眾不僅無法判別品質好壞，反而出現在意價格遠勝品質的怪現象。所以每次講到健保費要依法調漲，政客忙著跳出來苦民所苦搏版面，民眾也樂的省荷包，繼續享用「俗又大碗」的健保。二、別傻了，台灣的醫療品質真是不太好每次講到這個話題，就會有衛福部跟健保署官員出來講幹話，引用某某周刊沒有根據的說法，吹噓我們的醫療水準世界前三。的確，我們有些醫療技術領先全世界，但那只是某些醫師個人的成就，卻被誇大成全面性的水準及品質。我舉三個客觀數據來佐證：第一件是知名醫學期刊《刺胳針》（The Lancet）今年發表全球健康評比，台灣在195個國家裡只排名第45名，尤其是高血壓、糖尿病、腎臟病等慢性病的評分相當低，而慢性病的控制不佳的確是台灣最嚴重的公衛危機，也消耗掉健保大多數的資源。第二件是國衛院溫啟邦教授2008年在知名醫學期刊《內科年報》（Annual of internal medicine）發表健保實施後對國人壽命的影響研，結果發現平均壽命未明顯延長、因為貧富差距造成的壽命差距也沒有太大改變，這代表健保的確讓台灣人人有病看，但是頻繁的看病卻無法延長壽命，就是「安慰效果」居多。第三件是常識問題，隨著醫療科技及新藥的快速發展，先進國家的醫療費用佔GDP比例不斷攀升，只有我們台灣可以文風不動。我想改編已故經營之神王永慶的名言：「天下沒有不勞而獲的事，頭腦清楚才是重點。」20年前一個便當50元有肉有菜，現在一個便當沒有70元哪有肉有菜。20年來健保給付沒有調高，反而因爲總額制度打了8折。考慮通貨膨脹的因素，反而比20年前給付便宜一半，這種逆天的價格，政府卻宣稱服務品質都一樣，只要是頭腦清楚的人，應該都知道箇中奧妙。三、醫療浪費及保費不公才是醫療品質低落的原因上面這些佐證只想告訴大家，「俗又大碗」的健保制度下，民眾得到「品質不佳」的醫療服務，醫療人員必須「血汗工作」維持生計，政府也付出「龐大稅收」補貼健保制度。這種三輸的局面，大家卻貪圖廉價吃到飽，而不願意面對這個問題。等到真的生了大病，才發現原來比較好的醫療器材跟藥物都要自費，好多東西都負擔不起，難道這就是你要的全民健保嗎？為何醫療浪費的人不用付出額外的成本，這樣公平嗎？健保的錢就這麼多，有人拚命使用，其他人所得到的醫療品質就下降。更誇張的是，台灣使用醫療資源多的人通常是繳費最少的人。根據美國研究，老人花費的醫療費用是其他人的4倍，因此在美國老人的保費遠高於年輕人。但是在台灣的老人因為各種原因所繳的健保費卻大多低於年輕人，所以台灣老年人的確是健保制度最大的受益者。你也許會說每個人變老都能用到，這不是很公平嗎？但重點在於，20年前的老人跟20年後的老人，錢也許都繳的一樣少，但所享受的醫療資源及品質一樣嗎？所需要花費的自費項目是一樣的嗎?四、不導入使用者付費的健保制度其實是醫療版的世代剝削要解決醫療浪費及提升醫療品質，唯有盡早建立使用者付費制度，才能大幅減少醫療浪費，將更多資源投入提升醫療品質及引進新的醫藥技術。如果不揚棄這種「廉價吃到飽的醫療平等假象」，台灣的醫療品質只會不斷變差，尤其是現在處於青壯年的民眾，長期所繳的保費其實最多，到老年真正需要使用醫療資源時，得到的品質卻遠不如開辦早期的老年人，這就是如同年金一般的世代剝削。儘管政府了解上述這些事實，但是裝睡的人叫不醒。許多民眾沉溺吃到飽美夢，也是很難幡然醒悟。不作改革導致醫療品質不斷惡化，受苦最深的還是民眾自己，到頭來還是得付出相當程度的金錢才能得到一定水準的醫療服務。許多專家已經提出「最低給付制」或「個人帳戶制」，不但可以大幅減少有心人濫用健保，更可以將多出來的資源投注在提升品質及給付新藥新技術，這樣的制度才是真正幫助生病的台灣民眾。 
apl201707080000004,http://www.appledaily.com.tw/realtimenews/article/life/20170708/1156517/​日男心中「正確的撒嬌」　讓他對妳欲罷不能　,​日男心中「正確的撒嬌」　讓他對妳欲罷不能　,2017/07/08 00:00,不少男孩喜歡被女孩撒嬌的感覺，但撒嬌也是有方法的，《日本集合》消息指出，在受訪的142名男性中，9成喜歡女伴撒嬌喔。在日本男性眼中，什麼是正確的撒嬌方法呢？一起來看看！1突然將男友緊緊抱住「什麼都不說，突然抱緊我，覺得很惹人憐愛」（29歲）2睡覺會緊貼著男友「睡著了也黏緊我，像小孩一樣好可愛」（34歲）3傲與嬌的反差萌「平時在外面態度強硬又冷淡，只有跟我獨處時，才展現害羞的一面」（33歳）不過，其實要是不掌握好撒嬌的程度，很容易會引人反感，弄巧成拙。1在不適當的場合撒嬌（包括：男友需要集中精神時、男友在忙時、公眾場所等）2提出蠻橫、任性的要求消息中說，適當的撒嬌，除了要掌握頻率，還要了解對方的看法，對自己男友有用的撒嬌，才是成功的撒嬌喔。（即時新聞中心／綜合報導）推薦閱讀：​治療糖尿病　研究：青花椰菜可能有用​派出所國旗掛反了　網友：還好是新北市！【毛毛片】它會自己轉轉轉 「沒看到小孩在玩嗎」​自備水瓶1周不洗　比喝廁所水還髒
apl201707080000005,http://www.appledaily.com.tw/realtimenews/article/international/20170708/1156529/不僅助難民！「尿發電廁所」點亮最大音樂會,不僅助難民！「尿發電廁所」點亮最大音樂會,2017/07/08 00:00,"英國有大學於2015年研發「尿發電廁所」，透過尿液轉化成電力的技術，運用尿液發電提供廁所內部照明，幫助國際難民營的用電需求，現在更將此技術「自給自足」運用到全球最大音樂會。《MENCLUB》指出，由於難民營地區的供電不足，入夜後人煙稀少的地區形成社會死角，威脅居民的生活，英國樂施會（Oxfam）因此找來西英格蘭大學（University of the West of England）解決問題，因此在2015年打造出「尿液發電廁所」。英國上月底連五日舉行全球最大型音樂會「格拉斯頓伯里節」（Glastonbury Festival），會場內所有廁所都配備尿液發電系統，大會還與西英格蘭大學簽訂5年合作協議。此外，尿液發電的原理是借助微生物燃料電池（Microbial Fuel Cells，簡稱MFC）內的微生物，汲取尿液並分解，在催化反應的過程當中即能產生電能。而近年格拉斯頓伯里節舉行期間，賣出門票達135,000張，每一屆都要使用接近4,000個臨時洗手間，因此更可提供大量電力作為使用。（即時新聞中心／綜合報導）【小編推薦，大家都在看】北大校狗「牛牛」過世　疑遭繫鍊纏繞窒息"
apl201707080000006,http://www.appledaily.com.tw/realtimenews/article/strange/20170708/1156551/【燒腦片】看完這部腦袋都打結了,【燒腦片】看完這部 腦袋都打結了,2017/07/08 00:00,西班牙懸疑推理電影《佈局》，出自新銳導演奧瑞歐保羅(Oriol Paulo)之手，在劇情推理、拍攝手法上，打破以往觀眾，對於西班牙片平淡、緩慢的印象，以緊湊、謎中謎的敘事手法，讓觀眾大燒腦短短上映4周，票房就已有近1200萬的佳績。像這樣的燒腦電影，你記得有哪些嗎？2010上映的《全面啟動》，劇情遊走於夢境與現實之間，是一部細膩細節、錯綜複雜的敘事，將觀眾帶入一個潛意識的迷宮，在真實與非真實的多重層面上，對觀眾構成了邏輯挑戰，在IMDb與爛番茄有8.8與92的高分。同樣於2010年推出的電影《隔離島》，改編自美國同名小說，飾演主角的李奧納多因一件失蹤案，而到一座島上的精神病院做調查，緊湊的劇情讓觀眾沒時間仔細去思考，片中許多的魔鬼細節，當時讓許多觀眾直呼「一定要二刷！」。2000年的《記憶拼圖》相信是許多影迷心中的經典神作，不過大家知道當年，在台首度發行及電影上映的版本，是美國DVD幕後花絮「劇情重組版」嗎？也就是將諾蘭導演劇情中時序交錯手法，變成順敘法，此片因當時受到國外網友一致好評，還讓台灣觀眾一度深感困惑表示「有這麼好看？」「我看了什麼？」，但近期諾蘭導演在新片《敦克爾克大行動》的宣傳中，宣布《記憶拼圖》將在台發行「正確版」DVD（李育道／台北報導）推薦閱讀：【養眼片】直擊AV女優三上悠亞　祕密來台拍寫真【實在片】刨冰店裡的百萬音響 
apl201707080000007,http://www.appledaily.com.tw/realtimenews/article/life/20170708/1156565/【女孩專屬】善用黃金期　又瘦又正好簡單！,【女孩專屬】善用黃金期　又瘦又正好簡單！,2017/07/08 00:00,美眉們一定聽說過「生理期瘦身法」，但要怎麼進行呢？《New Monday》網站介紹，如何運用生理期的週期，以運動與飲食來幫助自己瘦身！一起來看看！【時間】在生理期過後第7到20日。因為無內分泌干擾，體力好，水腫少，所以正是瘦身的「黃金時期」，這時候做運動的效果會更好！【飲食】避免精緻甜食，以及高油脂高熱量飲食，多補充以下3種營養素，可以幫助提升代謝。1 維生素B幫助燃脂、代謝澱粉。（如：穀類、堅果、肉。） 2 鐵質紅血球數量夠、質量好，身體含氧量高，新陳代謝自然提升。（如：黑芝麻、紅肉、深綠色蔬菜。） 3 鎂質幫助人體代謝酵素，可加強瘦身效果。（如：深海魚類、豆類、深綠色蔬菜。）【運動】原則1:每周運動至少3小時，可以2天1次，隔日運動為最佳頻率。原則2:由於代謝提高，體能表現也更好，可以多做有氧運動或是間歇運動(HIIT)，燃脂效果更好。（即時新聞中心／綜合報導）推薦閱讀：​治療糖尿病　研究：青花椰菜可能有用​派出所國旗掛反了　網友：還好是新北市！【毛毛片】它會自己轉轉轉 「沒看到小孩在玩嗎」​自備水瓶1周不洗　比喝廁所水還髒
apl201707080000008,http://www.appledaily.com.tw/realtimenews/article/international/20170708/1156573/比基尼誕生71周年！史上第一件很「新聞」,比基尼誕生71周年！史上第一件很「新聞」,2017/07/08 00:00,"本周三（7月5日）是比基尼誕生71周年，一度因為太過暴露引發喧然大波的女性泳裝，如今卻成為海灘、泳池、時裝秀、甚至選美比賽常見的服裝。《MENCLUB》指出，這款性感又美麗的泳裝在1946年在法國巴黎首次被展示，設計者路易斯海雅（Louis Reard）將「報紙標題」用來當作第一件比基尼的花色。但是比基尼的流行也經過一番磨難，70年前的社會風氣相當保守，一度被宗教界禁止，還被貼上「罪惡」的標籤。比基尼需露出女性大多的胴體，因此海亞雇用脫衣舞孃米雪琳貝娜狄妮（Michele Bernardini）當模特兒，成為第一位穿上比基尼的女人。她當時手上還拿著小紙盒，顯示比基尼輕薄短小，可以裝得進去。當時海亞也碰上競爭者，法國服裝設計師海姆（Jacques Heim）同年也推出類似的泳裝，將之命名為「原子」（Atome）。直到1960年夏天，單曲《輕薄短小黃色斑點的比基尼》（Itsy Bitsy Teenie Weenie Yellow Polka Dot Bikini）熱賣，美國女孩爭相購買比基尼，才改變美國海灘風光。根據調查單位「全球工業分析」（Global Industry Analysts）統計，兩件式比基尼在2012年光在美國的銷售就達80億元美金（約2592億元台幣），預估2018年的泳裝收入會達到190億元美金（約6,155億元台幣）。（即時新聞中心／綜合報導）【小編推薦，大家都在看】北大校狗「牛牛」過世　疑遭繫鍊纏繞窒息"
apl201707080000009,http://www.appledaily.com.tw/realtimenews/article/international/20170708/1156577/6成駕駛開車玩手機　還上網看色情片,6成駕駛開車玩手機　還上網看色情片,2017/07/08 00:00,澳洲維州交警，6日展開公路稽查，4名巡警在卡爾頓區，實施了長達2小時的行動，其中53名駕駛被發現，在開車時使用手機，被開出違規罰單。根據《澳洲新聞網》報導，助理警長弗賴爾（Doug Fryer）說：「有人用手機看色情片，有人看電影，其中有一個人，用一支手機看電影，還用另一支手機跟朋友通話。大多數人都把手機放在大腿上，還在逛社交網站。」「這些司機簡直就是瘋了。…大家還為自己在車裡做的事得意。”弗賴爾說，60%的維州司機，都承認開車時使用手機，「就是這種分心的行為，才導致維州道路如此危險」。報導中說，過去一周，有7人因為維州道路交通事故而死亡，將今年的事故死亡人數增加到了128人。（即時新聞中心／綜合報導）推薦閱讀：​治療糖尿病　研究：青花椰菜可能有用​派出所國旗掛反了　網友：還好是新北市！【毛毛片】它會自己轉轉轉 「沒看到小孩在玩嗎」​自備水瓶1周不洗　比喝廁所水還髒
apl201707080000010,http://www.appledaily.com.tw/realtimenews/article/international/20170708/1156598/太火辣！高麗Coser妹　神還原「不知火舞」,太火辣！高麗Coser妹　神還原「不知火舞」,2017/07/08 00:00,最近一位韓國大胸美女「Pion Kim」最新Cos了一組《王者榮耀》英雄不知火舞的美圖，這「霸氣外露」的身材，看了叫人直流鼻血！《GAMEOVER》指出，這位韓國正女Pion Kim是一位追求完美還原的coser，扮演過多位電玩、動漫及Super Hero電影角色，最近就挑戰高難度，變身不知火舞，而且她還原度超級高。不知火舞是很難還原到這麼恰到好處，連擺Pose都看的出來有精雕細琢，而且並非人人撐得起，Coser本身顏值與身材都要很好，再加上服裝也要相當精緻，且更要有位很會拍照的攝影師。（即時新聞中心／綜合報導）【小編推薦，大家都在看】北大校狗「牛牛」過世　疑遭繫鍊纏繞窒息
apl201707080000011,http://www.appledaily.com.tw/realtimenews/article/international/20170708/1156654/【高顏值】日韓超模同志CP　攜手闖世界伸展台,【高顏值】日韓超模同志CP　攜手闖世界伸展台,2017/07/08 00:00,喜愛BL的腐女們一定要照過來！這對超高顏值的日韓模特兒同志情侶，怎能不追一下？根據《JUKSY》網站介紹，來自日本的Taiki Takahashi與來自韓國的Noah Lee，不只臉蛋都相當俊美，還都擁有高挑的身形，簡直要讓所有人都嫉妒了！介紹中說，這對帥哥都是職業模特兒，長年在巴黎、紐約、米蘭和倫敦走時裝秀，兩人在工作場合認識後交往，還常在社群網站貼曬恩愛照片，成為網路火紅的知名CP！由於Taiki與Noah完全不介意公開情侶關係，更時常以情侶的身分，一起接下模特兒工作，讓他們可以連工作時，都膩在一起！（即時新聞中心／綜合報導）推薦閱讀：​治療糖尿病　研究：青花椰菜可能有用​派出所國旗掛反了　網友：還好是新北市！【毛毛片】它會自己轉轉轉 「沒看到小孩在玩嗎」​自備水瓶1周不洗　比喝廁所水還髒
apl201707080000012,http://www.appledaily.com.tw/realtimenews/article/international/20170708/1156664/變態男性侵小黑狗　警竟僅口頭警告就放人,變態男性侵小黑狗　警竟僅口頭警告就放人,2017/07/08 00:00,為了滿足自己的私慾，竟將腦子動到小狗的身上！泰國日前傳出一名男子在運動場隨機尋找小狗，並強行拖到角落後「脫褲性侵」，讓在場運動的民眾嚇得趕緊拿起手機拍下存證報警，雖然警方翻查監視器畫面，且根據車牌找到變態男子，但竟僅給予警告後就放人離開。《泰國網》報道，攀牙府直轄縣中央運動場一名年約50至60歲的男子，竟然隨機挑選一隻小黑狗，拖到網球場旁的桌子上，竟脫下褲子性侵小狗，完全不顧慮路人的眼光。當時在場的民眾都被嚇呆，卻不敢上前阻止，一名民眾立刻拿出手機拍下影片，並且報警。但是當警方趕到現場時，男子已經「完事」並騎車離開。警方事後調閱監視器畫面，依車牌找到性侵黑狗的變態男子，卻只是給予口頭警告便將人放了，震怒了不少民眾，認為應該給予這種人嚴懲，「下次他性侵的或許不是狗就是人了。」（即時新聞中心／綜合報導）【小編推薦，大家都在看】亂吃早餐危害健康！銀髮族應注意這6件事
apl201707080000013,http://www.appledaily.com.tw/realtimenews/article/international/20170708/1156684/時薪9千頂級男伴遊　收服女人靠耳不靠鳥,時薪9千頂級男伴遊　收服女人靠耳不靠鳥,2017/07/08 00:00,尊重、友善、包容！澳洲45歲男子約翰（John）原是一名軟體工程師，直到2008年金融海嘯失業，走投無路下開始做起「伴遊」的工作，竟意外發現一片新天地，現在的他已是每小時平均收費近400澳幣（約台幣9168元）的知名男伴，約翰認為這份工作責任重大，並不是隨隨便便就能勝任，「需要有無私奉獻的精神，並不是說你老二大就行的！」根據《澳洲新聞網》報導，2008年全球金融危機爆發，原本在家當SOHO族的約翰不只失去了手邊所有案子，還欠下一些債務，加上平時沒有存錢的習慣，他在不得已的情況下，選擇走上了「男伴」這條路，約翰坦承，一開始他的心裡也非常抗拒，但沒多久時間就發現過去的自己真是白癡，因為這一行的薪水實在是超級高的！到底有多高呢？約翰透露，即使是當年剛入行的自己，時薪也有300澳幣、過夜1200澳幣的行情，這幾年他累積了一些經驗與口碑，時薪也漲到350澳幣、過夜1500澳幣的水準，但好賺歸好賺，這一行卻不是每一個人都能做得來的，約翰指出，想成為一個成功的男伴，最重要的不是性器官的尺寸，而是尊重、體貼、聆聽女性顧客的需求。 「大多數女性顧客都是非常脆弱的，有的經歷了情傷，有的想克服埋藏在心中的陰影，也有的是從來沒有過性生活。結束後，她們很多都會和我說話，說她們的故事，我通常都會耐心聽，不單只是為了錢。」約翰強調，女性顧客尋求性服務時，其實真正在找的是一個可信賴的聆聽者，而非一名道德審判官，「如果一個男的不能尊重女性的性權利，那麼這個人就沒資格做這行！」中間約翰一度也曾回去做工程師老本行，但總覺得「感覺不對」，雖然大家都覺得男伴遊靠女人吃飯很丟臉、低級，但不知道為什麼，比起做工程師和那些客戶們打交道、拉關係、做生意，約翰總覺得男伴遊這種赤裸裸的生意，好像更簡單、更純粹、更乾淨，更令人意外的是，約翰有一個關係穩定的女朋友，女朋友也知道他的工作內容， 「不過，我大概只是​​個個案。」其實私底下的約翰很安靜、不太喜歡出門，與一般人印象中整天花天酒地的男伴遊差很多。約翰透露，他小時候的夢想是當個畫家，沒想到長大後卻變成了工程師，現在又成了男伴遊，「2007年我是怎麼都不會想到，自己會幹這行的，可現在，我怎麼也無法想像自己再做別的。」（即時新聞中心／綜合報導）【傾聽推薦】裝鬼騙4虎尾女學生獻身　色老闆扯是補陽氣嫩男搞大女兒肚拒婚　老爸不解：這叫真愛？單身狗的五大藉口　你中了幾個？
apl201707080000014,http://www.appledaily.com.tw/realtimenews/article/life/20170708/1156693/壁咚女孩顏怡平　最愛烹飪和演戲,壁咚女孩顏怡平　最愛烹飪和演戲,2017/07/08 00:00,今天我最美顏怡平，身高162公分、體重43公斤，星座射手座、職業是演員，興趣是演戲和烹飪。地點：信義威秀中庭暱稱：顏怡平身高：162公分體重：43公斤星座：射手座行業：演員興趣：演戲烹飪臉書：顏怡平（即時新聞中心／綜合報導）【最美推薦】青春牙技師臉水水　身高減體重數字超夢幻
cna201707080019000,http://www.cna.com.tw/news/firstnews/201707080003-1.aspx,美日韓爭取聯合國 進一步制裁北韓,2017/07/08 00:19,（中央社漢堡7日綜合外電報導）鑑於北韓本週試射洲際彈道飛彈，美國、日本和南韓今天商定，爭取聯合國安全理事會迅速通過決議案，對北韓施加新制裁。美國總統川普、南韓總統文在寅和日本首相安倍晉三趁在德國出席20國集團（G20）高峰會之便進行3邊會談，承諾施加「最大壓力」以對抗北韓核武威脅。3國發表聯合聲明說，這3位領導人「決定爭取聯合國安理會早日通過新決議案，施加進一步制裁，以（對北韓）顯示，這種破壞穩定、挑釁和使情勢惡化的行動會產生嚴重後果」。美國曾警告，若是為阻止北韓核子飛彈計畫所必須，那麼願意動武；但也表示，寧願透過全球交行動來化解北韓威脅。1060708
cna201707080019001,http://www.cna.com.tw/news/firstnews/201707080002-1.aspx,北西奈汽車炸彈攻擊  埃及官兵至少23死,2017/07/08 00:19,（中央社開羅7日綜合外電報導）安全消息來源表示，北西奈省軍方檢查站今天遭遇兩起自殺汽車炸彈攻擊，造成埃及官兵至少23人喪生和另26人受傷。兩起汽車炸彈攻擊發生在邊境城市拉法（Rafah）市外一條道路上。目前尚無團體或組織出面宣稱犯案。軍方發表聲明說，汽車炸彈攻擊發生後數小時內，安全部隊就發動反擊，擊斃疑似涉及自殺汽車炸彈攻擊的40名好戰分子並摧毀他們的6部車輛。1060708
cnt201707080001000,http://www.chinatimes.com/realtimenews/20170707007151-260405,成長營 多國企業菁英學掃地煮飯,2017/07/08 00:01,長年推廣佛法和有機農業的福智文教基金會，連年舉辦成長營，今年暑假在開南大學1連舉辦「卓越青年生命探索營」及「企業主管生命成長營」兩個營隊，來自亞洲數個國家的近3000名企業人士前來響應，學校行政團隊也在活動期間一起茹素，愛地球、愛環境。福智文教基金會今年暑假在開南大學舉辦「卓越青年生命探索營」及「企業主管生命成長營」兩個營隊，吸引4248人踴躍報名，最後錄取2790人，其中連年舉辦的「企業主管生命成長營」，不乏來自於大陸、星馬、日本，韓國、柬埔寨、越南等國的企業人士。課程包括清掃學校環境，學員也要自己分組準備烹煮素食，和營隊成員分享，其他則是專題講座、影片教學、展覽座談、戲劇表演、分組聯誼、小組研討等，四天的課程必須住在學生宿舍，習慣團體生活。福智文教基金會執行長郭基瑞說，希望企業菁英們透過心靈成長課程，重新認識生命，肯定自我的工作價值，打造「智慧、遠見、創新、和諧」的工作企業環境。(中時)
ltn201707080030000,http://news.ltn.com.tw/news/world/breakingnews/2125017,北西奈汽車炸彈攻擊埃及官兵至少23死,2017/07/08 00:30,〔中央社〕安全消息來源表示，北西奈省軍方檢查站今天遭遇兩起自殺汽車炸彈攻擊，造成埃及官兵至少23人喪生和另26人受傷。兩起汽車炸彈攻擊發生在邊境城市拉法（Rafah）市外一條道路上。目前尚無團體或組織出面宣稱犯案。軍方發表聲明說，汽車炸彈攻擊發生後數小時內，安全部隊就發動反擊，擊斃疑似涉及自殺汽車炸彈攻擊的40名好戰分子並摧毀他們的6部車輛。
ltn201707080030001,http://news.ltn.com.tw/news/world/breakingnews/2125018,美日韓爭取聯合國進一步制裁北韓,2017/07/08 00:30,〔中央社〕鑑於北韓本週試射洲際彈道飛彈，美國、日本和南韓今天商定，爭取聯合國安全理事會迅速通過決議案，對北韓施加新制裁。美國總統川普、南韓總統文在寅和日本首相安倍晉三趁在德國出席20國集團（G20）高峰會之便進行3邊會談，承諾施加「最大壓力」以對抗北韓核武威脅。3國發表聯合聲明說，這3位領導人「決定爭取聯合國安理會早日通過新決議案，施加進一步制裁，以（對北韓）顯示，這種破壞穩定、挑釁和使情勢惡化的行動會產生嚴重後果」。美國曾警告，若是為阻止北韓核子飛彈計畫所必須，那麼願意動武；但也表示，寧願透過全球交行動來化解北韓威脅。
ltn201707080028000,http://news.ltn.com.tw/news/society/breakingnews/2125011,吸血3000萬、索800萬封口「電玩間」堂口逼死人,2017/07/08 00:28,〔記者王捷／台南報導〕方姓男子開設「星辰遊藝場」，把「電玩間」當堂口，自許是「星辰集團」，夥同7名小弟在地方魚肉鄉民，其中一名綽號「蝦仁」的王姓小弟，竟對著有20年交情的小學同學王姓男子下手，要王男拿家中多筆土地貸款3000多萬元，以投資「高檔自助餐店」為由吸金，王男又遭設局詐賭還不出錢，自殺走上絕路，警方歷時半年偵辦，昨公布將星辰集團連根拔起，移送法辦。27歲的蝦仁得知王男家中有多筆土地，2年前向王男透露，加入星辰集團，自己可替他撐腰，要求王男拿錢投資高檔自助餐店。在友情及威脅軟硬兼施下，王男趁著父親出國時，偷出地契、私章拿土地貸款3000多萬元，毫不猶豫交給蝦仁。不料，集團首腦方男食髓知味，設局要王男到電玩店玩賭博機台，又恐嚇稱王男詐賭，要付800萬元封口費，此時王男已山窮水盡，無法向父親交代，因此在轎車內燒炭自殺，一死了之。王男死後，原本存有3000多萬元的帳戶，只剩700元，家屬向警方報案，經過半年追查，才將整個集團連根拔起逮捕12人，依組織犯罪移送地檢署。方姓男子（藍背心者）自組「星辰集團」魚肉鄉民。（記者王捷攝（綽號「蝦仁」的王姓小弟急於浮出檯面，竟對小學同學下手，吸金3000萬。（記者王捷翻攝）
ltn201707080009000,http://news.ltn.com.tw/news/politics/breakingnews/2125010,姚立明點名藍營黑馬他將讓柯P受嚴重挑戰,2017/07/08 00:09,〔即時新聞／綜合報導〕明年將舉行的台北市長選舉已煙硝味漸起，藍營各路人馬無不摩拳擦掌、欲挑戰柯文哲的連任之路。在上次選舉為柯操盤的國會觀察基金會董事長姚立明分析，若藍營推派前內政部長李鴻源出馬選北市，柯會受到「很嚴重的挑戰」。外界一般視李鴻源為新北市長潛在參選人，但姚立明在7日播出的《新台灣加油》節目中鐵口直斷，稱李鴻源不可能被國民黨派到新北，因為他唯一的興趣是台北，且國民黨主席吳敦義非常欣賞李，贊成他出來選；如果他出來，柯文哲會受到嚴重挑戰。姚立明分析，第一點，過去三次選舉證明，親民黨在台北市有12%的票跑不掉，別人拿不到的票，李鴻源拿得到，而這15萬到18萬親民黨的票，一來一回就夠柯冒冷汗了。姚立明說，第二點，如果國民黨全力支持李鴻源，以李的專業形象，對於現在抱有反藍反綠政治思維的年輕人來說，非常有吸引力；柯如果在年輕族群的選票中，沒能守住原來的八成，只剩下五成，李鴻源當選的機會就非常高。姚立明分析，若藍營推派前內政部長李鴻源出馬選台北市長，柯會受到「很嚴重的挑戰」。（資料照，記者叢昌瑾攝）前內政部長李鴻源。（資料照，記者李容萍攝）
ltn201707080004000,http://news.ltn.com.tw/news/life/breakingnews/2125012,揪心！小三男童留長髮被笑堅持2年多捐罹癌病童,2017/07/08 00:04,新竹市小三男童發願留長髮捐助罹癌病童，留了2年多，終於超過30公分可以捐髮了，他的堅持讓人揪心又感動。（記者洪美秀攝）〔記者洪美秀／新竹報導〕新竹市東園國小三年級男學生李承諺，小小年紀卻很有愛心，2年多前發願留長髮捐助罹癌病童。這項超級任務讓他吃足苦頭，上廁所常被誤認是女生，還被笑「不男不女」，甚至得了濕疹頭皮搔癢，摳到流血，但他都忍了下來，如今留了30公分，決定今天剪下長髮捐出。媽媽吳姝慧驕傲地說：「這是兒子今年最棒的暑假作業！」李承諺讀小一時，媽媽吳姝慧和姊姊李恩誼捐髮幫助罹癌病童，當時媽媽開玩笑問他要不要也捐髮？他不假思索說「好啊！」沒想到從此展開2年10個月飽受艱熬的歷程與被恥笑的異樣眼光，但他都忍了下來，堅持沒有放棄，終於留到超過30公分，可以捐助癌童。李承諺說，阿公多次勸他不要留了，還拉著他要去剪髮，但他既然答應媽媽、姊姊，就想堅持到底。李承諺說，留長髮最大的困擾就是上廁所，要偷偷摸摸地上，怕嚇到其他男生，很多男生也會用疑惑的眼神看他，好像說：「是不是走錯廁所了？」但看到他往小便斗尿尿，又露出狐疑的眼神，似乎在說：「年紀這麼小，幹嘛留長髮？」面對這些異樣的眼光，他也不想多解釋。喜歡運動的李承諺說，夏天最痛苦，因打球很會流汗，曾因長濕疹發癢而抓破頭皮流血，媽媽看了心疼，告訴他：「那就把頭髮剪短，不要捐了！」但他覺得頭髮都已留長，不能輕易放棄啊！李承諺的媽媽吳姝慧說，3年前響應周大觀文教基金會為癌童捐髮的活動，找女兒留髮捐髮，兒子讀小一時，只對他說了一句開玩笑的鼓勵話，沒想到他一口答應要捐髮，還堅持到最後，天真又超齡的表現，讓她心疼又驕傲。新竹市東園國小校長陳彩文說，承諺年紀小卻有著堅定的助人信念，當她向全校師生說明承諺發願捐髮的善行，大家都深受感動，也以這個孩子為榮！新竹市小三男童兩年多前發願留長髮捐助罹癌病童，留了2年多，終於超過30公分可以捐髮了，他的堅持讓人揪心又感動。（記者洪美秀攝）新竹市小三男童留長髮捐助罹癌病童，堅持2年多，終於留超過30公分。（記者洪美秀攝）新竹市小三男童李承諺從小一開始發願留長髮捐助癌童，這是他未留長髮前的可愛模樣。（李家人提供）新竹市小三男童2年多前發願留長髮捐助癌童，已留超過30公分，他的堅持讓人感動。左起是東園國小校長陳彩文，小三男童李承諺，媽媽吳姝慧，姐姐李恩誼及爸爸李任哲。（記者洪美秀攝）
ltn201707080004001,http://news.ltn.com.tw/news/life/breakingnews/2125013,醫病》奇癢無比汗皰疹醫師：不是流汗造成的,2017/07/08 00:04,〔記者蔡淑媛／台中報導〕春夏好發汗皰疹，手掌、腳掌或指頭兩側長出一粒粒的小水泡，奇癢無比，顧名思義，似乎是汗水造成的，但皮膚科醫師卻說，這是錯誤說法，汗皰疹其實是皮膚濕疹的一種，既與流汗、汗腺無關，也不是皰疹、不會傳染。中山醫學大學附設醫院皮膚科醫師賴柏如說，汗皰疹發生原因不明確，可能體質有關，壓力、情緒或接觸化學物質、鑷、鉻、鈷金屬物質會誘發，吃到含有這類金屬元素的食物如堅果、巧克力也會發生，有香港腳也可能誘發。汗皰疹為何會被誤認是流汗造成的？賴柏如說，因為汗水也是刺激物，會刺激汗皰疹症狀加劇，因此被誤認手汗、腳汗多引起，甚至認為水泡中裡面是汗水累積，這都是錯誤觀念。賴柏如說，汗皰疹是劇癢、如米粒般大小的小水泡，之後會自然吸收乾掉，形成環狀的脫屑、脫皮，或是合併細菌感染變膿皰又再脫皮，長期反覆發作，最後皮膚龜裂、疼痛，久了皮膚會變厚、變粗糙、色素沉澱，有人會癢到受不了，刺破水泡，反而容易細菌感染。治療汗皰疹，急性期以外用強效類固醇塗抹患部，才能穿透較厚的手腳掌皮質層，大約3天至7天就會大幅改善，期間要避免刺激，如果症狀嚴重也會給予口服藥，有些重度患者反覆發作已經數月至半年，健保也有給光照治療，效果佳。賴柏如提醒，汗皰疹預防重於治療，除了避免刺激來源，平時手腳可多擦護膚乳液、強化皮膚屏障，減少誘發機會。汗皰疹長在手、腳掌或指頭側邊的小水泡，奇癢無比。（記者蔡淑媛攝）汗皰疹長在手、腳掌或指頭側邊的小水泡，但不是流汗造成。（記者蔡淑媛翻攝）
ntk201707080102000,https://newtalk.tw/news/view/2017-07-08/91618,2000港人受邀參訪遼寧艦 門票3小時搶光,2017/07/08 01:02,中國第一艘航空母艦遼寧號7日抵達香港展開5天訪問，8日和9日開放香港民眾登艦參觀，解放軍駐港部隊共發出2000張登船參訪券，開放排隊領取不到3小時就發光。遼寧艦此行訪港的目的，是為慶祝香港主權接收20周年，週末兩天開放香港民眾登艦參觀。儘管有學者分析象徵中國軍事實力的遼寧艦訪港，具有震懾港獨的意味，不過2000張的登艦門票，還是被排隊搶光。香港媒體報導指出，不少香港民眾提早通宵排隊，甚至有人出高價購買，不過，市民索取參訪券時要求登記身分證號碼，不能更換。沒拿到票的人則守在海怡半島海邊等待遼寧艦入港。報導指出，原本規定參觀民眾禁帶手機，後來改為能用手機在指定範圍拍照，但不能使用相機。這是遼寧號首次訪港，整個編隊有遼寧號、飛彈驅逐艦濟南號和銀川號、飛彈護衛艦煙台號，以及遼寧號上的多架殲15戰機和多型直升機。訪港期間保安戒備，周圍5百公尺範圍不准其他船隻靠近，警方派水警船護航，預估5天動員警力1000人，同時在青衣對面的海域設臨時禁航區。（喜歡這條新聞，給新頭殼按個讚！）   
ntk201707080025000,https://newtalk.tw/news/view/2017-07-08/91617,美國舊金山大火 工地鋼架被烈火燒熔倒塌,2017/07/08 00:25,美國舊金山市中心一處正在興建中的工地突然起火燃燒，火勢相當猛烈，附近大樓住戶緊急疏散，目前尚未得知起火原因。綜合外電報導，起火的地點是位在舊金山奧克蘭區一處正在興建中的工地，火勢迅速延燒，並傳出爆炸聲響，許多鋼架被燒熔倒塌，不斷冒出的陣陣濃煙瀰漫整個市中心。當局接獲報案之後，出動大批消防人員前往滅火，附近大樓住戶被緊急疏散，周圍街道也被封鎖，目前火勢逐漸被撲滅，還沒有傳出人員傷亡。（喜歡這條新聞，給新頭殼按個讚！）   
ntk201707080009000,https://newtalk.tw/news/view/2017-07-08/91616,馬、柯10小時馬拉松式辯論 馬：我是無罪的,2017/07/08 00:09,前總統馬英九陷入洩密風暴，台北地方法院今(7)天針對馬違反通保法召開一審最終辯論庭，與立法委員柯建銘進行言詞辯論。歷經10小時，辯論終結，馬英九於庭外受訪時指出，檢方辦案始終有3個錯誤，而柯建銘也在辯論最後說，馬英九絕對是共同正犯。法官唐玥諭知本案於8月25日宣判。結束言詞辯論後，馬英九於庭外受訪表示「我是無罪的！」並指出三個嚴重錯誤，首先是以馬王不合的臆測作為證據，靠羅織來訂罪行；其次為標準不一、前後矛盾，馬英九說三年前檢察官張介欽認定此案不構成犯罪，但北檢這次卻將馬起訴；最後，檢方漠視曲解大法官釋字585號解釋，嚴重傷害司法獨立。歷經10小時馬拉松式的辯論，開庭即將進入尾聲。「馬英九絕對是共同正犯！」柯建銘指出，馬英九在洩密案中，與黃世銘為共同正犯，是犯集團長期違法監聽。柯建銘質疑，他自己要見蔡英文都不一定說見說見，黃世銘怎麼可能一通電話就可以進入總統官邸。柯建銘發言後，唐玥緊接著請馬英九發言，此時坐在旁聽席的前檢察官林秀濤突然請求發言，林秀濤表示，自己也是被特偵組監聽的被害人，唐玥請林秀濤上證人席。林秀濤說，馬英九一直聲稱「全民電通案關說案」已經偵結，但如果已經偵結，那對於她的監聽不是更嚴重的違法嗎？後來林與黃的訴訟在高院敗訴原因，就是因為高院認定當時「全民電通關說案」尚未偵結，不就與馬英九所稱偵結相悖。馬英九最後陳述說「願天佑台灣！」馬英九指出，依照檢方起訴的邏輯，行政首長將沒有任何裁量空間，凡事先要請示檢察官，到時檢察官如果回一句「合法適當」就好，或是「等檢察官查完再說」，政府要如何運作？國政能這樣推動嗎？馬英九說，他談及釋字585號解釋，只是闡明行政權的固有權能，是為了政府未來行政權的運作及效能，並非賦予總統額外的權力。（喜歡這條新聞，給新頭殼按個讚！）   
stm201707080059000,http://www.storm.mg/article/295681,日本與歐盟《經濟夥伴關係協定》框架協議出爐 兩大經濟體聯手打擊保護主義,2017/07/08 00:59,日本與歐盟6日在比利時首都布魯塞爾舉行領導人高峰會，針對雙方締結《經濟夥伴關係協定》達成框架協議。雙方就取消與削減多項商品的關稅達成妥協，還將推動通關手續的順暢化，知識財產權的保護等貿易法規也將統一。日本將與歐盟合作，力爭在2019年之前讓協定生效，為全世界作出促進自由貿易、打擊保護主義的表率。日歐《經濟夥伴關係協定》（EconomicPartnershipAgreement，EPA）如果成功生效，將形成佔世界人口的8.6%、國內生產毛額（GDP）近3成（21兆美元）的龐大自由貿易區，最終撤銷關稅的貿易品類將佔整體的95%以上。日歐之間關稅降低之後，貿易勢必會更加活躍。據估算，日歐EPA將提高歐盟GDP的0.76%，日本的0.29%。據歐盟估算，對日本徵收的關稅每年將減少10億歐元，預計日本的加工食品、化學品和電氣機械的出口將大幅增長。歐盟市場人口超過5億，日本經濟產業相世耕弘成表示：「將採取對策，讓日本的中小企業能在龐大的歐洲市場上抓住機會。」日本首相安倍晉三、歐洲理事會（EuropeanCouncil）主席圖斯克（DonaldTusk）、歐盟執委會（EuropeanCommission）主席容克（Jean-ClaudeJuncker）在歐盟總部的聯合記者會上表示，「這是值得驕傲的成果。作為自由貿易的旗手，日本與歐洲將攜手同心，持續為世界的和平與繁榮作出貢獻……日歐間的戰略夥伴關係揭開了新頁」。日歐雙方已就關稅取消及下調、貿易規則等EPA的基本要素達成共識。將推進協商包括投資者與國家爭端解決機制等尚未完全解決的領域。容克在記者會表示，EPA有可能在2019年初就生效。日本方面則傾向認為，關稅領域的生效約需2年時間；關稅以外的領域須經歐盟28個成員國國會批准，可能要耗費更長時間。在歐洲對日本出口方面，日本針對歐洲產的康門貝爾乳酪（CamembertCheese）等軟質乳酪（softcheese）為中心，設置以低關稅進口的額度。從第一年度2萬噸開始，分階段下調稅率，第16年達到3萬1000噸，同時取消關稅。歐洲產葡萄酒的15%或每公升125日元關稅立即取消。此外，義大利麵和巧克力也將分階段撤銷關稅。在日本對歐洲出口方面，歐盟將以7年時間取消對日本小客車徵收的10%關稅。日本向歐洲銷售汽車將變得更加容易。汽車零組件的92.1%（按貿易額計算）立即取消關稅。據日本政府表示，這一水平高於已經生效的南韓與歐盟方《韓歐自由貿易協定》（EU-KoreaFTA）。此外，日本酒、日本產葡萄酒、威士忌、牛肉等的關稅將立即撤銷。還將納入保護知識財產權的條款，同時明確列入電子商務和農業合作等內容。安倍在當天的記者會上，談到協定生效可能對日本農民產生影響，表示政府將儘可能採取綜合性的對策進行協助。日本政府還預測，日歐EPA還將對美國已退出的《跨太平洋夥伴協定》（TPP）產生助力。日歐EPA佔全球GDP的近30%，TPP原本佔40%，美國退出後依然佔15%。日本將努力維持TPP框架。隨著日歐就EPA達成共識，TPP的11個成員國之間可能會更加團結，甚至企成美國回歸TPP。11國的首席談判代表將從12日開始，在日本神奈川縣舉行會議。《日本經濟新聞》分析，歐盟是全世界最大的單一市場，日本的經濟規模以國家為單位居世界第3，雙方能夠達成EPA框架協議，背後「推手」其實是美國總統川普。川普上任後高唱「美國優先」（AmericaFirst），退出TPP，甚至揚言抵制「世界貿易組織」（WTO）。在美國保護主義立場日益明顯之際，日歐EPA向全世界強有力地顯示了兩大經濟體聯手對抗保護主義。20國集團（G20）峰會7日起在德國漢堡（Hamburg）召開。日本與歐盟將在峰會上說明成果，向各國宣揚自由貿易的重要性。
udn201707080119000,https://udn.com//news/story/6809/2571107?from=udn-ch1_breaknews-1-99-news,川普和普亭會談逾2小時　聊敘利亞、烏克蘭與網安議題,2017/07/08 01:19,美國總統川普與俄羅斯總統普亭7日舉行兩人之間首次面對面會談，雙方閉門會談超過2個小時。根據俄國國際傳真社（Interfax News Agency）報導，普亭表示跟川普討論了敘利亞、烏克蘭、打擊恐怖主義及網路安全的議題。此外，一名美國官員在會談結束後表示，美俄兩國和區域內國家已達成在敘利亞西南部停火的協議。美國總統川普與俄羅斯總統普亭7日舉行兩人之間首次面對面會談，雙方閉門會談超過2個小時。根據俄國國際傳真社（Interfax News Agency）報導，普亭表示跟川普討論了敘利亞、烏克蘭、打擊恐怖主義及網路安全的議題。此外，一名美國官員在會談結束後表示，美俄兩國和區域內國家已達成在敘利亞西南部停火的協議。
udn201707080118000,https://udn.com//news/story/7005/2571106?from=udn-ch1_breaknews-1-99-news,田徑亞錦賽／近30年首面男子100公尺獎牌 楊俊瀚寫新頁,2017/07/08 01:18,「台灣飛毛腿」楊俊瀚今天在布巴內什瓦爾亞洲田徑錦標賽男子100公尺決賽中，雖然遭遇大雨延賽30分鐘以及兩度重跑的突發狀況，但最終仍跑出10秒31的銅牌成績，為我國拿下近30年來首面亞錦賽男子100公尺獎牌。在今天早上參加男子400公尺接力預賽後，楊俊瀚晚間先是在男子100公尺準決賽跑出10秒33的總排名第4名佳績晉級決賽，不過隨後比賽會場卡林加體育場下起傾盆大雨，導致賽程因此延誤了近30分鐘，讓楊俊瀚的100公尺決賽開跑時間已經是台灣時間的凌晨12點半。且突發狀況還不僅如此，楊俊瀚在決賽還遭遇了兩次重跑狀況，其中包括預賽跑出最佳成績的馬來西亞選手哈菲茲傑坦（Khairul Hafiz Jantan）因為搶跑遭判出局，不過楊俊瀚也隨即調整心情重新出發，最終他跑出10秒31的成績，順利摘下銅牌，也是中華隊本屆比賽的第一面獎牌。這一面銅牌也是繼1987年鄭新福在新加坡所拿下銀牌後，我國選手相隔30年後再度於亞錦賽男子100公尺項目奪牌。而自1993年馬尼拉亞錦賽王惠珍在女子100公尺奪下銅牌後，我國已連續11屆亞錦賽未在100公尺項目奪牌。「台灣飛毛腿」楊俊瀚今天在布巴內什瓦爾亞洲田徑錦標賽男子100公尺決賽中，雖然遭遇大雨延賽30分鐘以及兩度重跑的突發狀況，但最終仍跑出10秒31的銅牌成績，為我國拿下近30年來首面亞錦賽男子100公尺獎牌。在今天早上參加男子400公尺接力預賽後，楊俊瀚晚間先是在男子100公尺準決賽跑出10秒33的總排名第4名佳績晉級決賽，不過隨後比賽會場卡林加體育場下起傾盆大雨，導致賽程因此延誤了近30分鐘，讓楊俊瀚的100公尺決賽開跑時間已經是台灣時間的凌晨12點半。且突發狀況還不僅如此，楊俊瀚在決賽還遭遇了兩次重跑狀況，其中包括預賽跑出最佳成績的馬來西亞選手哈菲茲傑坦（Khairul Hafiz Jantan）因為搶跑遭判出局，不過楊俊瀚也隨即調整心情重新出發，最終他跑出10秒31的成績，順利摘下銅牌，也是中華隊本屆比賽的第一面獎牌。這一面銅牌也是繼1987年鄭新福在新加坡所拿下銀牌後，我國選手相隔30年後再度於亞錦賽男子100公尺項目奪牌。而自1993年馬尼拉亞錦賽王惠珍在女子100公尺奪下銅牌後，我國已連續11屆亞錦賽未在100公尺項目奪牌。
udn201707080103000,https://udn.com//news/story/6809/2571101?from=udn-ch1_breaknews-1-99-news,美日韓爭取聯合國 進一步制裁北韓,2017/07/08 01:03,美國總統川普、南韓總統文在寅和日本首相安倍晉三趁在德國出席20國集團（G20）高峰會之便進行3邊會談，承諾施加「最大壓力」以對抗北韓核武威脅。3國發表聯合聲明說，這3位領導人「決定爭取聯合國安理會早日通過新決議案，施加進一步制裁，以（對北韓）顯示，這種破壞穩定、挑釁和使情勢惡化的行動會產生嚴重後果」。美國曾警告，若是為阻止北韓核子飛彈計畫所必須，那麼願意動武；但也表示，寧願透過全球交行動來化解北韓威脅。美國總統川普、南韓總統文在寅和日本首相安倍晉三趁在德國出席20國集團（G20）高峰會之便進行3邊會談，承諾施加「最大壓力」以對抗北韓核武威脅。3國發表聯合聲明說，這3位領導人「決定爭取聯合國安理會早日通過新決議案，施加進一步制裁，以（對北韓）顯示，這種破壞穩定、挑釁和使情勢惡化的行動會產生嚴重後果」。美國曾警告，若是為阻止北韓核子飛彈計畫所必須，那麼願意動武；但也表示，寧願透過全球交行動來化解北韓威脅。
udn201707080041000,https://udn.com//news/story/6809/2571102?from=udn-ch1_breaknews-1-99-news,梅克爾：多數領袖挺自由與公平的貿易 但意見仍有分歧,2017/07/08 00:41,德國總理梅克爾（ Angela Merkel）7日表示，幾乎所有G20領導人都同意自由和公平貿易的必要性，但仍有部分的意見分歧。梅克爾在漢堡G20峰會結束時說，「在貿易問題上，幾乎所有人都認為我們需要自由又公平的貿易」，但稱在G20公報的貿易共識段落上，仍有許多工作等著談判代表們去做。她並提到，即便立場跟其他國家不同，川普仍參加了領導人在氣候政策上的首部分討論。德國總理梅克爾（ Angela Merkel）7日表示，幾乎所有G20領導人都同意自由和公平貿易的必要性，但仍有部分的意見分歧。梅克爾在漢堡G20峰會結束時說，「在貿易問題上，幾乎所有人都認為我們需要自由又公平的貿易」，但稱在G20公報的貿易共識段落上，仍有許多工作等著談判代表們去做。她並提到，即便立場跟其他國家不同，川普仍參加了領導人在氣候政策上的首部分討論。
udn201707080039000,https://udn.com//news/story/6812/2570836?from=udn-ch1_breaknews-1-99-news,淋病愈來愈難治...未來恐無藥可醫,2017/07/08 00:39,"世界衛生組織（WHO）警告，淋病（Gonorrhea）已經愈來愈難治療，未來恐演變到無藥可醫的地步。WHO指出，淋病細菌正逐漸對抗生素發展出抗藥性。WHO專家提爾多拉指出，淋病細菌「特別聰明」，每當醫生開發出新的抗生素對付它，細菌就會再度進化，對抗生素產生耐藥性。WHO也指出，高收入國家已經出現幾個淋病症狀難以治癒的案例，而這可能只是冰山一角，因為低收入國家的診斷與報告體系不足，而淋病在這些國家更為普遍。WHO也預期，全球約有7,800萬人罹患這種性傳播疾病（STI）WHO也呼籲藥廠開發新的抗生素，對抗這些「超級細菌」，然而該機構憂心開發淋病抗生素對藥商而言不具吸引力。世界衛生組織（WHO）警告，淋病（Gonorrhea）已經愈來愈難治療，未來恐演變到無藥可醫的地步。WHO指出，淋病細菌正逐漸對抗生素發展出抗藥性。WHO專家提爾多拉指出，淋病細菌「特別聰明」，每當醫生開發出新的抗生素對付它，細菌就會再度進化，對抗生素產生耐藥性。WHO也指出，高收入國家已經出現幾個淋病症狀難以治癒的案例，而這可能只是冰山一角，因為低收入國家的診斷與報告體系不足，而淋病在這些國家更為普遍。WHO也預期，全球約有7,800萬人罹患這種性傳播疾病（STI）WHO也呼籲藥廠開發新的抗生素，對抗這些「超級細菌」，然而該機構憂心開發淋病抗生素對藥商而言不具吸引力。"
udn201707080020000,https://udn.com//news/story/6809/2570796?from=udn-ch1_breaknews-1-99-news,G20峰會 川普與蒲亭展開首次正式會談,2017/07/08 00:20,川普表示，「很榮幸與你會晤」，蒲亭則告訴川普「很高興與你會晤」。出席20國集團（G20）高峰會的美國總統川普（Donald Trump）及俄羅斯總統蒲亭（Vladimir Putin）今天展開首次正式面對面會談。川普表示，他期待美俄兩國關係將會出現正面發展。坐在蒲亭旁邊的川普告訴記者，「蒲亭和我討論各種事情，我認為會談非常良好。」川普和蒲亭今天藉出席G20峰會首度會晤。川普說：「我們進行了若干非常良好討論。我們現在將會展開對話，顯然那會繼續進行。我們期待俄羅斯、美國以及相關各方，將會發生一大堆非常正面的事情。很榮幸與你會晤。」蒲亭透過翻譯表示，雖然兩人曾通過電話，但電話交談總是不夠，並形容這次面晤是重要雙邊會談。蒲亭說：「很高興與你會晤。」川普表示，「很榮幸與你會晤」，蒲亭則告訴川普「很高興與你會晤」。出席20國集團（G20）高峰會的美國總統川普（Donald Trump）及俄羅斯總統蒲亭（Vladimir Putin）今天展開首次正式面對面會談。川普表示，他期待美俄兩國關係將會出現正面發展。坐在蒲亭旁邊的川普告訴記者，「蒲亭和我討論各種事情，我認為會談非常良好。」川普和蒲亭今天藉出席G20峰會首度會晤。川普說：「我們進行了若干非常良好討論。我們現在將會展開對話，顯然那會繼續進行。我們期待俄羅斯、美國以及相關各方，將會發生一大堆非常正面的事情。很榮幸與你會晤。」蒲亭透過翻譯表示，雖然兩人曾通過電話，但電話交談總是不夠，並形容這次面晤是重要雙邊會談。蒲亭說：「很高興與你會晤。」
udn201707080010000,https://udn.com//news/story/7332/2571097?from=udn-ch1_breaknews-1-99-news,共用單車發威？大陸汽油消費量出現史上首次負增長,2017/07/08 00:10,"國際油價近期再度走軟的同時，又傳出一個不好的消息。大陸近期汽油消費量竟出現首度負成長，除了新能源汽車快速增加外，如火如荼發展中的「共用單車」所造成的影響恐怕也不容忽視。大陸東方證券石化分析師趙辰最新發布的研究報告「共用單車對汽油消費的影響分析」指出，近期一則新聞很引人關注，大陸4月汽油消費量首度出現負增長，較去年同期下滑6.3%，月減幅度更達到8.2%。報告稱，「如果說柴油消費負增長大家已經習以為常的話，汽油消費負增長則讓人很難接受。畢竟汽車銷量增速還穩定在6%左右。」趙辰表示，其中一個原因可能是替代能源的影響。去年中國電動車銷量增長極快，達到了50.7萬輛，保有量也增長至107萬輛。假設每輛車年行駛里程為2萬公里，每百公里耗油10升，則將替代140萬噸以上的汽油消費，占比為1.17%。除新能源汽車外，趙辰認為，目前發展如火如荼的共享單車，對汽油消費的長期影響也不容小視。趙辰以個人經驗為例指出，他既沒有考過駕照，在無人駕駛成熟以前也不打算開車。但自從裝了共享單車後，他基本上「能蹬車就不打車，哪怕是路演（road show，法說會）也都以單車為主」。因為這不但節省了費用，更重要的是，以實際行動踐行環保的生活理念。趙辰說，他發現共享單車不光解決「最後1公里」的問題，如果配合地鐵還可以解決最後10公里、20公里的問題。以前如果去的地方離地鐵口比較遠，為了方便一般會選擇打車，但現在就可以單車＋地鐵，很多時候還會更快。報告稱，共享單車2015年才推向市場，當年只有245萬輛，但2016年就暴增6倍，達到1,500萬輛。今年第1季又翻了1倍，總數超過3,000萬輛，覆蓋全中國30個大中城市，活躍用戶總數也在短短九個月內裡超過了3,000萬人。據統計，目前平均出行距離為2公里，如果15%用來替換汽車出行，按照百公里耗油10升測算，則每年可節省24萬噸油，相當於中國汽油消費量的0.25%。趙辰指出，雖然這個比例還不是很顯著，但如果從發展的眼光來看，其長期影響仍不容忽略。報告指出，從2016年至今，共享單車的發展呈現了星火燎原之勢，基本上主要指標都是每個季度就「翻一倍」。假設今年增速為400%，明年將為200%，則至2018年底，中國共享單車的覆蓋人數將達到2.4億人，相當於中國戶籍城市人口的35%。從使用頻率看，過去一年也是快速增長，每天使用一次的比率從23%提升至49.3%。因此，目前每天2公里的平均騎行距離的增長空間仍然很大。假設活躍客戶每天的平均騎行距離提升至5公里，則2.4億人對應的汽油消費替代量將達到480萬噸，占目前中國汽油消費量的5%，而這個比率就不能忽視了。國際油價近期再度走軟的同時，又傳出一個不好的消息。大陸近期汽油消費量竟出現首度負成長，除了新能源汽車快速增加外，如火如荼發展中的「共用單車」所造成的影響恐怕也不容忽視。大陸東方證券石化分析師趙辰最新發布的研究報告「共用單車對汽油消費的影響分析」指出，近期一則新聞很引人關注，大陸4月汽油消費量首度出現負增長，較去年同期下滑6.3%，月減幅度更達到8.2%。報告稱，「如果說柴油消費負增長大家已經習以為常的話，汽油消費負增長則讓人很難接受。畢竟汽車銷量增速還穩定在6%左右。」趙辰表示，其中一個原因可能是替代能源的影響。去年中國電動車銷量增長極快，達到了50.7萬輛，保有量也增長至107萬輛。假設每輛車年行駛里程為2萬公里，每百公里耗油10升，則將替代140萬噸以上的汽油消費，占比為1.17%。除新能源汽車外，趙辰認為，目前發展如火如荼的共享單車，對汽油消費的長期影響也不容小視。趙辰以個人經驗為例指出，他既沒有考過駕照，在無人駕駛成熟以前也不打算開車。但自從裝了共享單車後，他基本上「能蹬車就不打車，哪怕是路演（road show，法說會）也都以單車為主」。因為這不但節省了費用，更重要的是，以實際行動踐行環保的生活理念。趙辰說，他發現共享單車不光解決「最後1公里」的問題，如果配合地鐵還可以解決最後10公里、20公里的問題。以前如果去的地方離地鐵口比較遠，為了方便一般會選擇打車，但現在就可以單車＋地鐵，很多時候還會更快。報告稱，共享單車2015年才推向市場，當年只有245萬輛，但2016年就暴增6倍，達到1,500萬輛。今年第1季又翻了1倍，總數超過3,000萬輛，覆蓋全中國30個大中城市，活躍用戶總數也在短短九個月內裡超過了3,000萬人。據統計，目前平均出行距離為2公里，如果15%用來替換汽車出行，按照百公里耗油10升測算，則每年可節省24萬噸油，相當於中國汽油消費量的0.25%。趙辰指出，雖然這個比例還不是很顯著，但如果從發展的眼光來看，其長期影響仍不容忽略。報告指出，從2016年至今，共享單車的發展呈現了星火燎原之勢，基本上主要指標都是每個季度就「翻一倍」。假設今年增速為400%，明年將為200%，則至2018年底，中國共享單車的覆蓋人數將達到2.4億人，相當於中國戶籍城市人口的35%。從使用頻率看，過去一年也是快速增長，每天使用一次的比率從23%提升至49.3%。因此，目前每天2公里的平均騎行距離的增長空間仍然很大。假設活躍客戶每天的平均騎行距離提升至5公里，則2.4億人對應的汽油消費替代量將達到480萬噸，占目前中國汽油消費量的5%，而這個比率就不能忽視了。"
udn201707080000000,https://udn.com//news/story/6809/2570985?from=udn-ch1_breaknews-1-99-news,重談北美自貿協定 美墨政府同意8月16日開始,2017/07/08 00:00,維德加瑞說，「我們現在有個開始談判過程的日期」，並稱兩國政府都同意重新談判「應該是一個相對較快的程序」，看來「至少一般看來會在年底前就產生協議」。【中央社／漢堡7日綜合外電】美國總統川普今天在德國漢堡20國集團峰會（G20）會見墨西哥總統潘尼亞尼托後說，美國與墨西哥在貿易議題上獲致了相當進展，但他再次重申，墨西哥必須為美墨邊界的圍牆買單。川普表示：「我們正與墨西哥進行北美自由貿易協定（NAFTA）和其他事務談判，我們將看結果如何，但我想，雙方已有很好的進展。」被川普稱作「朋友」的潘尼亞尼托（Enrique Pena Nieto）說，這場會談「有助我們就NAFTA繼續積極對話」。自川普當選後，移民爭議、川普提議興建美墨高牆，以及川普宣稱美墨自由貿易奪走美國人的工作，在在使美墨關係陷入緊張。墨西哥並說，不會為美墨圍牆付錢。維德加瑞說，「我們現在有個開始談判過程的日期」，並稱兩國政府都同意重新談判「應該是一個相對較快的程序」，看來「至少一般看來會在年底前就產生協議」。【中央社／漢堡7日綜合外電】美國總統川普今天在德國漢堡20國集團峰會（G20）會見墨西哥總統潘尼亞尼托後說，美國與墨西哥在貿易議題上獲致了相當進展，但他再次重申，墨西哥必須為美墨邊界的圍牆買單。川普表示：「我們正與墨西哥進行北美自由貿易協定（NAFTA）和其他事務談判，我們將看結果如何，但我想，雙方已有很好的進展。」被川普稱作「朋友」的潘尼亞尼托（Enrique Pena Nieto）說，這場會談「有助我們就NAFTA繼續積極對話」。自川普當選後，移民爭議、川普提議興建美墨高牆，以及川普宣稱美墨自由貿易奪走美國人的工作，在在使美墨關係陷入緊張。墨西哥並說，不會為美墨圍牆付錢。
