News ID,Title,Time,Content
udn2017050507000,輕巧好掌握！最小的4G智慧型手機 Jelly小巧更聰明,2017/05/05 07:00,看中市場仍有不少偏好小尺寸手機使用需求，以及今年HMD Global重新推出經典手機Nokia 3310復刻款所帶動討論，中國新創團隊Unihertz稍早於集資平台Kickstarter上推出名為Jelly的迷你智慧型手機，並且採用多數功能手機常見的2.45吋螢幕，但本身卻是一款支援4G通訊網路，同時採用Android 7.0作業系統的智慧型手機。Jelly分別採用解析度僅為240 x 432的2.45吋螢幕、1.1GHz四核心處理器、1GB記憶體與8GB儲存容量，而Unihertz表示將額外提供2GB記憶體與16GB儲存容量規格版本。同時，Jelly也同樣提供雙SIM卡插槽設計，並且搭載GPS、Wi-Fi、藍牙4.0等智慧型手機常見功能，電池容量則為950mAh。作業系統則採用Android 7.0，並且相容Google Play提供使用數位內容、App。而在產品上線開放集資後，Jelly很快地便達成原本設定3萬美元集資目標，並且累積超過3000人參與集資，實際累積集資金額更超過28萬美元，確定將會在今年8月間開始供貨。從今年在MWC 2017由HMD Global以Nokia品牌再次推出經典機種Nokia 3310復刻款，進而吸引不少市場關注，甚至讓許多消費者表示願意購買使用或收藏，顯示許多人除了因為Nokia品牌、Nokia 3310產生回憶共鳴影響，依然有不少呼聲是因為輕巧的迷你機身，因而產生購機慾望。蘋果在去年重新推出4吋機種iPhone SE時，同樣也吸引不少長期使用者換機，顯示小尺寸機種依然對許多人有不少魅力。對於許多人來說，小尺寸機種最大魅力在於容易持握、攜帶，因此螢幕大小其實不會是這些使用族群的關注重點，反而更著重是否方便使用，而硬體規格是否合乎當下使用需求。看中市場仍有不少偏好小尺寸手機使用需求，以及今年HMD Global重新推出經典手機Nokia 3310復刻款所帶動討論，中國新創團隊Unihertz稍早於集資平台Kickstarter上推出名為Jelly的迷你智慧型手機，並且採用多數功能手機常見的2.45吋螢幕，但本身卻是一款支援4G通訊網路，同時採用Android 7.0作業系統的智慧型手機。Jelly分別採用解析度僅為240 x 432的2.45吋螢幕、1.1GHz四核心處理器、1GB記憶體與8GB儲存容量，而Unihertz表示將額外提供2GB記憶體與16GB儲存容量規格版本。同時，Jelly也同樣提供雙SIM卡插槽設計，並且搭載GPS、Wi-Fi、藍牙4.0等智慧型手機常見功能，電池容量則為950mAh。作業系統則採用Android 7.0，並且相容Google Play提供使用數位內容、App。而在產品上線開放集資後，Jelly很快地便達成原本設定3萬美元集資目標，並且累積超過3000人參與集資，實際累積集資金額更超過28萬美元，確定將會在今年8月間開始供貨。從今年在MWC 2017由HMD Global以Nokia品牌再次推出經典機種Nokia 3310復刻款，進而吸引不少市場關注，甚至讓許多消費者表示願意購買使用或收藏，顯示許多人除了因為Nokia品牌、Nokia 3310產生回憶共鳴影響，依然有不少呼聲是因為輕巧的迷你機身，因而產生購機慾望。蘋果在去年重新推出4吋機種iPhone SE時，同樣也吸引不少長期使用者換機，顯示小尺寸機種依然對許多人有不少魅力。對於許多人來說，小尺寸機種最大魅力在於容易持握、攜帶，因此螢幕大小其實不會是這些使用族群的關注重點，反而更著重是否方便使用，而硬體規格是否合乎當下使用需求。
udn2017050507001,針對騎士的補強毫無作用 暴龍實在令人失望,2017/05/05 07:00,目前暴龍在東區季後賽第二輪完全抵擋不了騎士猛攻，系列賽已成0:2落後，台北時間周六的第三戰，暴龍若無法在自家主場扳回一城，那幾乎可說是目送著詹姆斯(LeBron James)半腳踏進東區冠軍賽舞台。雖然去年東區冠軍賽，暴龍也曾連輸兩場再硬幹兩場回來，今年想如法炮製難度更高，暴龍傾巢而出要擋住騎士一、兩場有點希望，要連續擋下四場晉級困難重重。太過依賴單核、雙核心的發揮在現今的籃球浪潮很難支撐球隊邁向巔峰，在每一場都是關鍵，帶著身體疲勞、心理壓力的雙重煎熬下的季後賽，球員能否快速調適過來，教練團對於每個環節的應變及時與否，往往讓贏球兩字成了另一回事。季中針對季後賽，準備一雪前恥，瞄準騎士的陣容補強，如今仍不足以威脅詹皇，對於暴龍兩場平均輸掉16.5分的結果令人失望。照著當初暴龍高層的如意算盤走，伊巴卡(Serge Ibaka)交易案理當成為影響隊型配置、及能否走出東區的關鍵。看重伊巴卡比派特森更好的防守來鞏固禁區，能面框投籃，或替大瓦藍邱納斯(Jonas Valanciunas)拉開籃下空間等等優點好了，但他終究差不多就是15分8到10籃板的數據貢獻，況且伊巴卡的出手次數增多，命中率還比前年、去年季後賽下滑15%、8%，過去在雷霆賣命防守，作為禁區門神的影響力也逐年減低。我認為教練團的用兵才更顯關鍵，四、五號位上除了伊巴卡外，剩派特森(Patrick Patterson)，瓦藍邱納斯在輪替，例行賽上的了場，能獲得10到20分鐘的年輕人內線輪替諾奎拉(Lucas Nogueira)、席亞康(Pascal Siakam)、伯爾特(Jakob Poeltl)，傷的傷，嫩的嫩，季後賽根本起不了作用。而招牌雙槍呢？羅瑞(Kyle Lowry)從對公鹿前幾場的不穩定到現在打了8場季後賽，帶著背傷硬拚超過37分鐘，15.8分5.9助攻3.1籃板2.1失誤，三分球命中率34%，比例行賽的22.4分7助攻4.8籃板2.9失誤，41%三分球命中率當然下滑不少，但是球隊就是沒其他人能在關鍵時刻命中遠距離big shot。至於德羅展(DeMar DeRozan)的背框翻身、後撤步跳投，擋拆後帶一步拋投、切入在騎士「適當」的防守招呼，身體碰撞及包夾下，幾乎被封鎖，第二戰11投2中，難堪進帳五分，沒有外線進攻能力就算了，當吹判尺度放寬、中距離跟切入製造犯規的嘗試都被封死的時候，德羅展球風弱點展露無疑。德羅展應該適時運用對手給予的包夾，早一拍選擇傳導給空檔隊友，而非像在拆炸彈式的給球。此外卡洛(DeMarre Carroll)已非當年在老鷹防守詹皇出色的詹姆斯殺手，季中交易來的悍將塔克(P.J. Tucker)面對詹皇亦無招架之力，詹姆斯6場季後賽繳出超水準的34.2分9.2籃板7.3助攻2.7抄截投籃高達56%命中率，就連三分球都有48%水準，除了單場4次失誤可挑剔，君臨天下還真沒人守得住。暴龍雖然喜歡快速球風，投射比重高，但須慎選出手機會，暴龍兩場團隊出手數分別比對手多了4次、15次，卻輸了11分、22分，節奏一旦被騎士牽著走，攻防都會亂了方寸。總教練凱西(Dwane Casey)的暫停時機，臨場攻防策略必須交代清楚，防守端幾個改善重點例如: 團隊輪轉防守交代不清，騎士幾次extra pass的傳遞，底角多次形成的大空檔，擋拆防守對於持球者厄文(Kyrie Irving)的包夾過深，中路的湯普森伺機可轟炸籃框或選擇傳給兩翼隊友，再來籃底的關門防守，對應弱邊底角沒有人撲出去阻擋，讓騎士運用多次詹姆斯、厄文的個人破壞力為隊友作嫁。然而進攻在雙槍當機外還有甚麼選擇？球員本身進攻穩定度不夠，戰術執行無法創造空檔，球權流動的變化性不夠，五個人都在外圍不停地做傳切、切傳，反倒還幫騎士節省許多防守體力。球隊應該像瓦藍邱納斯第二戰一樣勇於挑戰禁區，挑戰吹判。拔擢先發的鮑威爾(Norman Powell)是除了雙槍外進攻爆發力最強的得分手，但這兩場下來17投中6，凱西也沒能利用這點做些小組進攻變化來打破僵局。暴龍會走到現在這步，球星打不好首當其衝會引來排山倒海的討論與批評，不過教練團也要負很大責任。強隊總是在扣人心弦的關鍵戰役中蹦出福將，或是出奇制勝的策略應用，但這般故事卻鮮在暴龍身上聽到。每年都在討論、期待東區哪隊的補強足以挑戰詹姆斯的霸主地位，暴龍曾是被期待能打出與騎士相抗衡的東部勁旅之一，但迄今打成這樣實在危險，暴龍不想提早放暑假的話，週六的第三戰得當作最終回來戰鬥。☆與林文一起暢談籃球 https://www.facebook.com/profile.php?id=100013297964151☆閱讀更多林文的NBA專欄 http://nba.udn.com/nba/cate/6755/7444目前暴龍在東區季後賽第二輪完全抵擋不了騎士猛攻，系列賽已成0:2落後，台北時間周六的第三戰，暴龍若無法在自家主場扳回一城，那幾乎可說是目送著詹姆斯(LeBron James)半腳踏進東區冠軍賽舞台。雖然去年東區冠軍賽，暴龍也曾連輸兩場再硬幹兩場回來，今年想如法炮製難度更高，暴龍傾巢而出要擋住騎士一、兩場有點希望，要連續擋下四場晉級困難重重。太過依賴單核、雙核心的發揮在現今的籃球浪潮很難支撐球隊邁向巔峰，在每一場都是關鍵，帶著身體疲勞、心理壓力的雙重煎熬下的季後賽，球員能否快速調適過來，教練團對於每個環節的應變及時與否，往往讓贏球兩字成了另一回事。季中針對季後賽，準備一雪前恥，瞄準騎士的陣容補強，如今仍不足以威脅詹皇，對於暴龍兩場平均輸掉16.5分的結果令人失望。照著當初暴龍高層的如意算盤走，伊巴卡(Serge Ibaka)交易案理當成為影響隊型配置、及能否走出東區的關鍵。看重伊巴卡比派特森更好的防守來鞏固禁區，能面框投籃，或替大瓦藍邱納斯(Jonas Valanciunas)拉開籃下空間等等優點好了，但他終究差不多就是15分8到10籃板的數據貢獻，況且伊巴卡的出手次數增多，命中率還比前年、去年季後賽下滑15%、8%，過去在雷霆賣命防守，作為禁區門神的影響力也逐年減低。我認為教練團的用兵才更顯關鍵，四、五號位上除了伊巴卡外，剩派特森(Patrick Patterson)，瓦藍邱納斯在輪替，例行賽上的了場，能獲得10到20分鐘的年輕人內線輪替諾奎拉(Lucas Nogueira)、席亞康(Pascal Siakam)、伯爾特(Jakob Poeltl)，傷的傷，嫩的嫩，季後賽根本起不了作用。而招牌雙槍呢？羅瑞(Kyle Lowry)從對公鹿前幾場的不穩定到現在打了8場季後賽，帶著背傷硬拚超過37分鐘，15.8分5.9助攻3.1籃板2.1失誤，三分球命中率34%，比例行賽的22.4分7助攻4.8籃板2.9失誤，41%三分球命中率當然下滑不少，但是球隊就是沒其他人能在關鍵時刻命中遠距離big shot。至於德羅展(DeMar DeRozan)的背框翻身、後撤步跳投，擋拆後帶一步拋投、切入在騎士「適當」的防守招呼，身體碰撞及包夾下，幾乎被封鎖，第二戰11投2中，難堪進帳五分，沒有外線進攻能力就算了，當吹判尺度放寬、中距離跟切入製造犯規的嘗試都被封死的時候，德羅展球風弱點展露無疑。德羅展應該適時運用對手給予的包夾，早一拍選擇傳導給空檔隊友，而非像在拆炸彈式的給球。此外卡洛(DeMarre Carroll)已非當年在老鷹防守詹皇出色的詹姆斯殺手，季中交易來的悍將塔克(P.J. Tucker)面對詹皇亦無招架之力，詹姆斯6場季後賽繳出超水準的34.2分9.2籃板7.3助攻2.7抄截投籃高達56%命中率，就連三分球都有48%水準，除了單場4次失誤可挑剔，君臨天下還真沒人守得住。暴龍雖然喜歡快速球風，投射比重高，但須慎選出手機會，暴龍兩場團隊出手數分別比對手多了4次、15次，卻輸了11分、22分，節奏一旦被騎士牽著走，攻防都會亂了方寸。總教練凱西(Dwane Casey)的暫停時機，臨場攻防策略必須交代清楚，防守端幾個改善重點例如: 團隊輪轉防守交代不清，騎士幾次extra pass的傳遞，底角多次形成的大空檔，擋拆防守對於持球者厄文(Kyrie Irving)的包夾過深，中路的湯普森伺機可轟炸籃框或選擇傳給兩翼隊友，再來籃底的關門防守，對應弱邊底角沒有人撲出去阻擋，讓騎士運用多次詹姆斯、厄文的個人破壞力為隊友作嫁。然而進攻在雙槍當機外還有甚麼選擇？球員本身進攻穩定度不夠，戰術執行無法創造空檔，球權流動的變化性不夠，五個人都在外圍不停地做傳切、切傳，反倒還幫騎士節省許多防守體力。球隊應該像瓦藍邱納斯第二戰一樣勇於挑戰禁區，挑戰吹判。拔擢先發的鮑威爾(Norman Powell)是除了雙槍外進攻爆發力最強的得分手，但這兩場下來17投中6，凱西也沒能利用這點做些小組進攻變化來打破僵局。暴龍會走到現在這步，球星打不好首當其衝會引來排山倒海的討論與批評，不過教練團也要負很大責任。強隊總是在扣人心弦的關鍵戰役中蹦出福將，或是出奇制勝的策略應用，但這般故事卻鮮在暴龍身上聽到。每年都在討論、期待東區哪隊的補強足以挑戰詹姆斯的霸主地位，暴龍曾是被期待能打出與騎士相抗衡的東部勁旅之一，但迄今打成這樣實在危險，暴龍不想提早放暑假的話，週六的第三戰得當作最終回來戰鬥。☆與林文一起暢談籃球 https://www.facebook.com/profile.php?id=100013297964151☆閱讀更多林文的NBA專欄 http://nba.udn.com/nba/cate/6755/7444
udn2017050506450,Google認為微軟Windows 10 S策略不影響Chromebook市場,2017/05/05 06:45,針對微軟稍早宣布推出的Windows 10 S，以及新款Surface Laptop筆電機種，Google回應表示微軟此舉並不會對Chrome OS、Chromebook市場發展構成威脅，反而認為微軟只是跟進教育市場發展，並且進一步證明教育市場發展的重要性。根據Business Insider報導指出，負責G Suite的Google Cloud事業群副總Prabhakar Raghavan接受訪談時，對於微軟稍早推出的Windows 10 S，以及以筆電形式呈現的Surface Laptop並不會對Chromebook市場造成影響。Prabhakar Raghavan甚至認為，微軟此舉實際上更具體印證教育市場的重要性，而Google早在許久之前便已經投入此塊市場發展，因此認為微軟跟進將能帶來更大助益。至於相比微軟推行的Windows 10 S，Google打造的Chrome OS雖然更貼近雲端化作業，但卻能有更輕便、簡單的使用模式，配合Google Classroom服務對應教育單位使用需求，讓教師、學生可藉由數位化教學資源投入學習，同時比起諸多Windows 10 PC裝置，Chromebook整體售價依然較具優勢。針對微軟稍早宣布推出的Windows 10 S，以及新款Surface Laptop筆電機種，Google回應表示微軟此舉並不會對Chrome OS、Chromebook市場發展構成威脅，反而認為微軟只是跟進教育市場發展，並且進一步證明教育市場發展的重要性。根據Business Insider報導指出，負責G Suite的Google Cloud事業群副總Prabhakar Raghavan接受訪談時，對於微軟稍早推出的Windows 10 S，以及以筆電形式呈現的Surface Laptop並不會對Chromebook市場造成影響。Prabhakar Raghavan甚至認為，微軟此舉實際上更具體印證教育市場的重要性，而Google早在許久之前便已經投入此塊市場發展，因此認為微軟跟進將能帶來更大助益。至於相比微軟推行的Windows 10 S，Google打造的Chrome OS雖然更貼近雲端化作業，但卻能有更輕便、簡單的使用模式，配合Google Classroom服務對應教育單位使用需求，讓教師、學生可藉由數位化教學資源投入學習，同時比起諸多Windows 10 PC裝置，Chromebook整體售價依然較具優勢。
udn2017050506390,歐元升抵六個月來最高 看好馬克宏當選 ECB偏鷹派,2017/05/05 06:39,歐元對美元升到六個月來最高，臨法國總統第二輪投票在即，市場更加篤定中間派候選人馬克宏會當選，也預期歐洲央行（ECB）下個月會轉趨鷹派而減碼寬鬆措施。歐元兌美元升值0.9%至1.0984，是2016年11月來最高。經歷了周三激烈的電視辯論後，馬克龍仍被認為遙遙領先其極右派競選對手雷朋。據彭博報導，交易員認為，若馬克宏當選，歐元可能受刺激而釋放性上漲，有望達到1.1000甚至更強，至少短期內會如此。美元兌日圓由113.31的高峰回落，紐約尾盤跌0.3%至112.46。德意志銀行紐約外匯策略師 Sebastien Galy說：「馬克宏當選的機率很高。」他也認為，美元兌日圓可能出現獲利了結，導致美元自數周來高峰回落。歐元對美元升到六個月來最高，臨法國總統第二輪投票在即，市場更加篤定中間派候選人馬克宏會當選，也預期歐洲央行（ECB）下個月會轉趨鷹派而減碼寬鬆措施。歐元兌美元升值0.9%至1.0984，是2016年11月來最高。經歷了周三激烈的電視辯論後，馬克龍仍被認為遙遙領先其極右派競選對手雷朋。據彭博報導，交易員認為，若馬克宏當選，歐元可能受刺激而釋放性上漲，有望達到1.1000甚至更強，至少短期內會如此。美元兌日圓由113.31的高峰回落，紐約尾盤跌0.3%至112.46。德意志銀行紐約外匯策略師 Sebastien Galy說：「馬克宏當選的機率很高。」他也認為，美元兌日圓可能出現獲利了結，導致美元自數周來高峰回落。
udn2017050506350,立場南轅北轍 教宗與川普月底尷尬相會,2017/05/05 06:35,法新社報導，川普將於當天一早與教宗方濟各（Pope Francis）會晤，隨後再與教廷國務卿帕洛林（Pietro Parolin）和外長蓋拉格總主教（Paul Gallagher）會談。而後他將參加在義大利西西里舉行的七大工業國集團（G7）高峰會。路透社報導，梵蒂岡表示，教宗將在24日星期三上午8時30分接見川普，日期不太尋常，時間也早得不尋常。梵蒂岡高層人士解釋，教宗當天早上有每周接見信眾活動，因此與川普的會面時間必須安排在此之前。教宗上周才告訴記者，他不知道川普是否要求見他。他重申梵蒂岡的政策，即教宗將會晤任何要求私下接見的國家元首。去年2月川普還在共和黨初選爭取總統候選人提名時，曾與教宗透過媒體激烈交鋒。當時有記者問起川普反對移民的立場，教宗回答說：「不論是誰，任何人如果只想興建圍牆而不是橋梁，就不是基督徒。」川普反擊說：「身為宗教領袖而質疑別人的信仰，是可恥的事。」川普後來語氣趨緩，表示教宗得到了錯誤的訊息，不了解毒品流入美國的影響以及各種安全議題，是這些因素使得美國有必要在南部邊界興建圍牆。不過，教宗去年2月訪問墨西哥時，在美墨邊界舉行露天彌撒，形容如此多人被迫遷徙是「人間悲劇」。川普今年1月20日宣誓就職後，教宗接受西班牙報紙訪問時又針對民粹主義提出警告，表示這可能導致選民選出像希特勒一樣的「救星」。他也譴責以高牆和帶刺鐵絲網隔離外國人的作法。教宗大力支持對抗氣候變遷，以免人類受害，他去年11月曾批評說，有些政治人物尚未展現落實全球氣候協定的「堅定意志」，一般認為是指責川普。法新社報導，川普將於當天一早與教宗方濟各（Pope Francis）會晤，隨後再與教廷國務卿帕洛林（Pietro Parolin）和外長蓋拉格總主教（Paul Gallagher）會談。而後他將參加在義大利西西里舉行的七大工業國集團（G7）高峰會。路透社報導，梵蒂岡表示，教宗將在24日星期三上午8時30分接見川普，日期不太尋常，時間也早得不尋常。梵蒂岡高層人士解釋，教宗當天早上有每周接見信眾活動，因此與川普的會面時間必須安排在此之前。教宗上周才告訴記者，他不知道川普是否要求見他。他重申梵蒂岡的政策，即教宗將會晤任何要求私下接見的國家元首。去年2月川普還在共和黨初選爭取總統候選人提名時，曾與教宗透過媒體激烈交鋒。當時有記者問起川普反對移民的立場，教宗回答說：「不論是誰，任何人如果只想興建圍牆而不是橋梁，就不是基督徒。」川普反擊說：「身為宗教領袖而質疑別人的信仰，是可恥的事。」川普後來語氣趨緩，表示教宗得到了錯誤的訊息，不了解毒品流入美國的影響以及各種安全議題，是這些因素使得美國有必要在南部邊界興建圍牆。不過，教宗去年2月訪問墨西哥時，在美墨邊界舉行露天彌撒，形容如此多人被迫遷徙是「人間悲劇」。川普今年1月20日宣誓就職後，教宗接受西班牙報紙訪問時又針對民粹主義提出警告，表示這可能導致選民選出像希特勒一樣的「救星」。他也譴責以高牆和帶刺鐵絲網隔離外國人的作法。教宗大力支持對抗氣候變遷，以免人類受害，他去年11月曾批評說，有些政治人物尚未展現落實全球氣候協定的「堅定意志」，一般認為是指責川普。
udn2017050506210,MLB／3A待1天 胡智為又回到大聯盟,2017/05/05 06:21,5月3日賽後胡智為才剛被光芒下放回3A，結束10天的大聯盟之旅，當時獲得1次出賽機會，後援1局無失分，而光芒今天凌晨再度宣布將他升上大聯盟，兩項消息宣布只差42小時。不過拉米瑞茲是因小孩出生離隊，最多只能缺席三場比賽，也代表胡智為這次可能只在大聯盟待3天，就又要回到小聯盟。5月3日賽後胡智為才剛被光芒下放回3A，結束10天的大聯盟之旅，當時獲得1次出賽機會，後援1局無失分，而光芒今天凌晨再度宣布將他升上大聯盟，兩項消息宣布只差42小時。不過拉米瑞茲是因小孩出生離隊，最多只能缺席三場比賽，也代表胡智為這次可能只在大聯盟待3天，就又要回到小聯盟。
udn2017050506170,鋒面影響水氣增多 北部東半部恐短暫雨,2017/05/05 06:17,根據中央氣象局預報資料，今天將有一道微弱鋒面逐漸影響台灣，台灣附近水氣將比昨天增多，天氣也變得較不穩定。氣象局預測，台灣北部、東半部地區有局部短暫陣雨，中南部山區午後也恐有局部短暫陣雨，並有局部較大雨勢發生的機率，提醒外出民眾記得攜帶雨具備用。溫度方面，夜晚清晨稍涼，各地低溫約23、24度，白天因為雲多下雨，北台灣高溫會比昨天稍降，其他地區高溫變化幅度不大，預測北部及東半部高溫約29、30度，中、南部高溫仍有32、33度，中午之前仍應注意防曬，並多補充水分。此外，金門、馬祖及西半部地區可能受低雲或局部霧而影響能見度，有交通需求的朋友，請多留意氣象及航班資訊。空氣品質預報：今日北部及高屏地區為橘色提醒（對敏感族群不健康），其他地區為普通至良好等級，指標污染物為細懸浮微粒及臭氧。 根據中央氣象局預報資料，今天將有一道微弱鋒面逐漸影響台灣，台灣附近水氣將比昨天增多，天氣也變得較不穩定。氣象局預測，台灣北部、東半部地區有局部短暫陣雨，中南部山區午後也恐有局部短暫陣雨，並有局部較大雨勢發生的機率，提醒外出民眾記得攜帶雨具備用。溫度方面，夜晚清晨稍涼，各地低溫約23、24度，白天因為雲多下雨，北台灣高溫會比昨天稍降，其他地區高溫變化幅度不大，預測北部及東半部高溫約29、30度，中、南部高溫仍有32、33度，中午之前仍應注意防曬，並多補充水分。此外，金門、馬祖及西半部地區可能受低雲或局部霧而影響能見度，有交通需求的朋友，請多留意氣象及航班資訊。空氣品質預報：今日北部及高屏地區為橘色提醒（對敏感族群不健康），其他地區為普通至良好等級，指標污染物為細懸浮微粒及臭氧。 
udn2017050506171,美眾院通過歐記健保替代法案 參院恐得面臨調整,2017/05/05 06:17,美國眾議院共和黨以些微多數通過替代歐記健保的法案，讓上任百日來無重大立法政績的川普政府，終於拿下首勝。眾院以217對213票通過法案，下一步將送交參議院。據彭博報導，以現在的版本來看，幾乎沒有可能獲得參議院共和黨的支持，因為有報導說新計畫會導致數以百萬計的美國民眾失去健保，共和黨籍參議員深感不安。在周四眾議院的表決中，有20名共和黨議員投了反對票，民主黨全體投了反對票。據彭博報導，參院將另擬自己的替代版本，而不採用眾議院的版本，通過後再交付眾院表決。共和黨宣稱這是邁向廢除歐記健保的重大一步，這也是共和黨在2016年大選的主要訴求。不過，將新法案稱為「川記健保」（Trumpcare）的民主黨議員，認為新法案會增加保費，數百萬美國人也將喪失健保。民主黨眾院領袖佩洛西說：「川記健保是以健保法案為名，行富人減稅之實」，「這是在劫貧濟富」。美國眾議院共和黨以些微多數通過替代歐記健保的法案，讓上任百日來無重大立法政績的川普政府，終於拿下首勝。眾院以217對213票通過法案，下一步將送交參議院。據彭博報導，以現在的版本來看，幾乎沒有可能獲得參議院共和黨的支持，因為有報導說新計畫會導致數以百萬計的美國民眾失去健保，共和黨籍參議員深感不安。在周四眾議院的表決中，有20名共和黨議員投了反對票，民主黨全體投了反對票。據彭博報導，參院將另擬自己的替代版本，而不採用眾議院的版本，通過後再交付眾院表決。共和黨宣稱這是邁向廢除歐記健保的重大一步，這也是共和黨在2016年大選的主要訴求。不過，將新法案稱為「川記健保」（Trumpcare）的民主黨議員，認為新法案會增加保費，數百萬美國人也將喪失健保。民主黨眾院領袖佩洛西說：「川記健保是以健保法案為名，行富人減稅之實」，「這是在劫貧濟富」。
udn2017050506110,台裔美籍軍官林介良 否認從事間諜,2017/05/05 06:11,美國海軍學會新聞網（USNI News）4日報導，被控間諜罪的台裔美國海軍軍官林介良（Edward Lin）承認不當處理機密情報等數項罪名，但對於涉嫌間諜的指控，林介良不認罪。林介良4日在維吉尼亞州諾福克（Norfolk）海軍基地軍事法庭接受審判，達成認罪協議，林介良承認的罪名包括未報告與外國人員接觸、不當處理機密情報、向聯邦調查局臥底探員提供情報。林介良遭指控涉嫌2項間諜案、3項意圖從事間諜活動、數起不當處理機密情報、未確實報告與外國人員聯繫；林介良自2015年9月在夏威夷機場被逮捕後，一直被拘禁。審判原訂本月底至6月舉行，但不知何故提早至5月4日至5日，諾福克海軍基地目前尚未正式發布新聞稿；基地新聞官4日下午透過電子郵件回覆本報記者表示，庭訊尚在進行中，待5日庭訊結束後才會發布新聞稿。林介良出生於台灣，14歲隨家人移民美國，已歸化美籍。美國海軍學會新聞網（USNI News）4日報導，被控間諜罪的台裔美國海軍軍官林介良（Edward Lin）承認不當處理機密情報等數項罪名，但對於涉嫌間諜的指控，林介良不認罪。林介良4日在維吉尼亞州諾福克（Norfolk）海軍基地軍事法庭接受審判，達成認罪協議，林介良承認的罪名包括未報告與外國人員接觸、不當處理機密情報、向聯邦調查局臥底探員提供情報。林介良遭指控涉嫌2項間諜案、3項意圖從事間諜活動、數起不當處理機密情報、未確實報告與外國人員聯繫；林介良自2015年9月在夏威夷機場被逮捕後，一直被拘禁。審判原訂本月底至6月舉行，但不知何故提早至5月4日至5日，諾福克海軍基地目前尚未正式發布新聞稿；基地新聞官4日下午透過電子郵件回覆本報記者表示，庭訊尚在進行中，待5日庭訊結束後才會發布新聞稿。林介良出生於台灣，14歲隨家人移民美國，已歸化美籍。
udn2017050506040,眾院通過新法 川普興奮誓終結歐記健保,2017/05/05 06:04,美國總統川普提出的健保改革法案今天獲得共和黨掌控的國會眾議院通過後，他興高采烈誓言將「終結」前總統歐巴馬的招牌健保法，預言終將贏得「令人難以置信的勝利」。眾院今天表決共和黨推出的新健保法時有217票贊成和213票反對，以些微差距通過廢除所謂「歐記健保」（Obamacare），以新法取而代之，這讓先前推動這項法案時遭受挫敗的川普獲得了重要的勝利。川普隨即和共和黨眾議員聚在白宮玫瑰園舉行記者會，慶祝在他上任超過百日後終於踏出廢除歐記健保的第一步。他形容所謂「歐記健保」是「災難」，他說：「它死了，它在本質上死了。」川普又說：「我們將會終結它，我們還將做許多其他的事。」共和黨版的新健保法如今將送參議院審議，料將面臨強大反對力量。美國總統川普提出的健保改革法案今天獲得共和黨掌控的國會眾議院通過後，他興高采烈誓言將「終結」前總統歐巴馬的招牌健保法，預言終將贏得「令人難以置信的勝利」。眾院今天表決共和黨推出的新健保法時有217票贊成和213票反對，以些微差距通過廢除所謂「歐記健保」（Obamacare），以新法取而代之，這讓先前推動這項法案時遭受挫敗的川普獲得了重要的勝利。川普隨即和共和黨眾議員聚在白宮玫瑰園舉行記者會，慶祝在他上任超過百日後終於踏出廢除歐記健保的第一步。他形容所謂「歐記健保」是「災難」，他說：「它死了，它在本質上死了。」川普又說：「我們將會終結它，我們還將做許多其他的事。」共和黨版的新健保法如今將送參議院審議，料將面臨強大反對力量。
udn2017050505570,油價重挫約5% 創近半年來最低價,2017/05/05 05:57,世界油價今天重挫，紐約與倫敦市場原油期貨價格都重挫近5%，跌到去年11月以來最低價位，因為日增跡象顯示，石油輸出國家組織（OPEC）雖達成減產協議，仍未解決供應過剩現象。彭博社報導，在紐約商品交易所，美國市場基準商品西德州中級原油6月期貨價格大跌2.30美元，或4.8%，收在每桶45.52美元，是去年11月29日以來最低收盤價。倫敦市場北海布倫特原油7月期貨價格大跌2.41美元，或4.8%，收在48.38美元，是3月22日以來首度跌破每桶50美元價位，也創下去年11月29日以來最低價位。世界油價今天重挫，紐約與倫敦市場原油期貨價格都重挫近5%，跌到去年11月以來最低價位，因為日增跡象顯示，石油輸出國家組織（OPEC）雖達成減產協議，仍未解決供應過剩現象。彭博社報導，在紐約商品交易所，美國市場基準商品西德州中級原油6月期貨價格大跌2.30美元，或4.8%，收在每桶45.52美元，是去年11月29日以來最低收盤價。倫敦市場北海布倫特原油7月期貨價格大跌2.41美元，或4.8%，收在48.38美元，是3月22日以來首度跌破每桶50美元價位，也創下去年11月29日以來最低價位。
udn2017050505560,美股持平 特斯拉慘虧股價重挫5%,2017/05/05 05:56,儘管美國總統川普今天在國會贏得勝利，成功在眾議院通過健保改革法案，由於油價續弱，石油類股下挫，美國股市終場持平。電動車業龍頭特斯拉汽車公司因財報欠佳，股價暴跌5%。美國市場原油期貨價格今天大跌將近5%，收在每桶45.72美元，創下今年最低收盤價，埃克森美孚公司（ExxonMobil）與康菲石油公司（ConocoPhillips）等石油業者股價都重挫。道瓊工業指數終場微跌6.43點，或0.03%，收在20951.47點。標準普爾500指數微漲1.39點，或0.06%，收在2389.52點；那斯達克指數微漲2.79點，或0.05%，收在6075.34點。特斯拉汽車公司（Tesla Motors）股價暴跌5.0%，因為首季財報顯示淨虧損3億3000萬美元，遠超過去年同期的虧損1億2100萬美元。儘管美國總統川普今天在國會贏得勝利，成功在眾議院通過健保改革法案，由於油價續弱，石油類股下挫，美國股市終場持平。電動車業龍頭特斯拉汽車公司因財報欠佳，股價暴跌5%。美國市場原油期貨價格今天大跌將近5%，收在每桶45.72美元，創下今年最低收盤價，埃克森美孚公司（ExxonMobil）與康菲石油公司（ConocoPhillips）等石油業者股價都重挫。道瓊工業指數終場微跌6.43點，或0.03%，收在20951.47點。標準普爾500指數微漲1.39點，或0.06%，收在2389.52點；那斯達克指數微漲2.79點，或0.05%，收在6075.34點。特斯拉汽車公司（Tesla Motors）股價暴跌5.0%，因為首季財報顯示淨虧損3億3000萬美元，遠超過去年同期的虧損1億2100萬美元。
udn2017050504350,佳世達加速轉型 首季每股賺0.63元,2017/05/05 04:35,佳世達科技今天公布，第1季設計製造服務（DMS）營收新台幣236.1億元。第1季合併稅後盈餘新台幣12.9億元，其中歸屬母公司業主淨利12.3億元，稅後每股盈餘0.63元。佳世達指出，加速轉型有成，顯示器延續專業電競及高階機種產品穩健發展；投影機方面，加速放大超高解析度（4K2K）高階機種，與高附加價值機種數量，站穩全球市占第2；智慧解決方案，積極整合內部資源，並尋求外部合作有所成果，穩健前進。佳世達科技今天公布，第1季設計製造服務（DMS）營收新台幣236.1億元。第1季合併稅後盈餘新台幣12.9億元，其中歸屬母公司業主淨利12.3億元，稅後每股盈餘0.63元。佳世達指出，加速轉型有成，顯示器延續專業電競及高階機種產品穩健發展；投影機方面，加速放大超高解析度（4K2K）高階機種，與高附加價值機種數量，站穩全球市占第2；智慧解決方案，積極整合內部資源，並尋求外部合作有所成果，穩健前進。
udn2017050504050,歐記健保「死了」 新健保案眾院驚險過關,2017/05/05 04:05,新健保案名為「美國醫療法(American Health Care Act)」，以別於俗稱歐記健保的「可負擔健保法(Affordable Care Act)」。這是川普總統的一項重要的競選承諾，因此，新法案被認為是共和黨與川普的一項勝利。由於歐記健保的保費年年上漲，暴漲最厲害的亞利桑納州在今年的漲幅是116%，而且因為預期中以年輕人的保費來負擔其他病者的醫保，但是，年輕投保者的人數不如預期，以至保險公司虧損過大，紛紛退出歐記健保，導致五個州的人沒有選擇，因為他們只有一家歐記健保公司，三分之一的美國郡(counties)只有一家歐記健保公司。人們在別無選擇的情況下，只有任憑健保公司宰割。歐記健保另一個引起反彈的問題是，人們在付出高額保費後，卻仍然不敢去看醫生，因為很多歐記健保的自付額((deductibles)很高，一年4000美元到5000美元並不稀奇。於是，買了健保，但是，4000美元到5000美元以內的看病費用「自付」。買了健保，等於沒買。由共和黨控制的國會眾議院曾經草擬一份新健保案，遭到保守派共和黨眾議員反對，而在臨投票前尷尬地撤下。4日共和黨再度推出的新健保案，對保守派共和黨眾議員所堅持的條件做出讓步，而爭取到關鍵的票源。川普團隊所做的讓步中，最明顯的一條是保持歐記健保中的「帶病投保((pre-existing conditions)」，與歐記健保不同的是，這個「帶病投保」的負擔，並非由全部投保的人來均攤，而是由聯邦撥出一筆80億美元的專款，提供「帶病投保」。因此，一般人的保費不會因為少數人的病況，而波及他們的保費。4日的眾議院測試投票，新健保案輕鬆過關，因此，在投票前的共和黨議員情緒歡愉，CNN報導，共和黨在投票前在國會山莊地下室的休息區播放電影「洛基(Rocky)」影片主題曲，以激勵共和黨議員的熱情。在正式表決新健保案之前，眾議員先投票取消國會與他們幕僚的歐記健保豁免特權(ACA opt-out)。這是很多人不知道的一點，在民主黨策畫的歐記健保計畫下，他們強迫美國人購買健保，但是，他們讓自己與幕僚不受歐記健保的約束。新健保法案將再送國會參議院議決。參議院的共和黨也以52對48占多數。川普在眾院通過新健保案後，在白宮玫瑰花園會見共和黨眾議員。他說：「我們將贏得最後勝利。」他說，健保的保費(premiums)與自付額(deductibles)都將下降。他說，可負擔健保法案「基本死了(essentially dead)」。他並說，他對參議院通過新健保案很有信心。新健保案名為「美國醫療法(American Health Care Act)」，以別於俗稱歐記健保的「可負擔健保法(Affordable Care Act)」。這是川普總統的一項重要的競選承諾，因此，新法案被認為是共和黨與川普的一項勝利。由於歐記健保的保費年年上漲，暴漲最厲害的亞利桑納州在今年的漲幅是116%，而且因為預期中以年輕人的保費來負擔其他病者的醫保，但是，年輕投保者的人數不如預期，以至保險公司虧損過大，紛紛退出歐記健保，導致五個州的人沒有選擇，因為他們只有一家歐記健保公司，三分之一的美國郡(counties)只有一家歐記健保公司。人們在別無選擇的情況下，只有任憑健保公司宰割。歐記健保另一個引起反彈的問題是，人們在付出高額保費後，卻仍然不敢去看醫生，因為很多歐記健保的自付額((deductibles)很高，一年4000美元到5000美元並不稀奇。於是，買了健保，但是，4000美元到5000美元以內的看病費用「自付」。買了健保，等於沒買。由共和黨控制的國會眾議院曾經草擬一份新健保案，遭到保守派共和黨眾議員反對，而在臨投票前尷尬地撤下。4日共和黨再度推出的新健保案，對保守派共和黨眾議員所堅持的條件做出讓步，而爭取到關鍵的票源。川普團隊所做的讓步中，最明顯的一條是保持歐記健保中的「帶病投保((pre-existing conditions)」，與歐記健保不同的是，這個「帶病投保」的負擔，並非由全部投保的人來均攤，而是由聯邦撥出一筆80億美元的專款，提供「帶病投保」。因此，一般人的保費不會因為少數人的病況，而波及他們的保費。4日的眾議院測試投票，新健保案輕鬆過關，因此，在投票前的共和黨議員情緒歡愉，CNN報導，共和黨在投票前在國會山莊地下室的休息區播放電影「洛基(Rocky)」影片主題曲，以激勵共和黨議員的熱情。在正式表決新健保案之前，眾議員先投票取消國會與他們幕僚的歐記健保豁免特權(ACA opt-out)。這是很多人不知道的一點，在民主黨策畫的歐記健保計畫下，他們強迫美國人購買健保，但是，他們讓自己與幕僚不受歐記健保的約束。新健保法案將再送國會參議院議決。參議院的共和黨也以52對48占多數。川普在眾院通過新健保案後，在白宮玫瑰花園會見共和黨眾議員。他說：「我們將贏得最後勝利。」他說，健保的保費(premiums)與自付額(deductibles)都將下降。他說，可負擔健保法案「基本死了(essentially dead)」。他並說，他對參議院通過新健保案很有信心。
udn2017050503560,美海軍台裔軍官達認罪協議 不認間諜罪,2017/05/05 03:56,美國海軍被控間諜罪的台裔林姓軍官與政府達成協議後，今天同意承認數項罪名，但不包括為中國或台灣刺探機密的間諜罪。美聯社報導，林姓海軍少校（英文名Edward C.Lin）承認的罪名包括處理機密情報不當，傳播國防情報，未報告與外國人接觸，以及休假時謊報前往地點。林姓少校今天在維吉尼亞州諾福克（Norfolk）的海軍法庭接受審判，他和律師敲定這項認罪協議。海軍法庭法官今天下午計畫細查林姓少校被控罪行的細節。法庭文件並未披露林姓少校是為誰刺探機密，但官員去年告訴美聯社，涉案的國家是中國或台灣，也可能二者都有。林姓少校的姊妹珍妮（Jenny Lin）去年致函國會議員表示，海軍的指控缺乏證據。林姓少校2008年12月參加在夏威夷舉行的歸化儀式，海軍曾就此發布新聞稿，內容提及他是在14歲時和家人離開台灣到美國。美國海軍被控間諜罪的台裔林姓軍官與政府達成協議後，今天同意承認數項罪名，但不包括為中國或台灣刺探機密的間諜罪。美聯社報導，林姓海軍少校（英文名Edward C.Lin）承認的罪名包括處理機密情報不當，傳播國防情報，未報告與外國人接觸，以及休假時謊報前往地點。林姓少校今天在維吉尼亞州諾福克（Norfolk）的海軍法庭接受審判，他和律師敲定這項認罪協議。海軍法庭法官今天下午計畫細查林姓少校被控罪行的細節。法庭文件並未披露林姓少校是為誰刺探機密，但官員去年告訴美聯社，涉案的國家是中國或台灣，也可能二者都有。林姓少校的姊妹珍妮（Jenny Lin）去年致函國會議員表示，海軍的指控缺乏證據。林姓少校2008年12月參加在夏威夷舉行的歸化儀式，海軍曾就此發布新聞稿，內容提及他是在14歲時和家人離開台灣到美國。
udn2017050502280,廢除並替代「歐記健保」法案 美眾院表決通過,2017/05/05 02:28,上月撤案後，川普原本表示不玩了，改推稅改法案，但後來發覺稅改法案的阻力更大，又回頭推健保法案。而眾院共和黨提出的新版健保法案，在厄普頓（Fred Upton）與朗恩（Billy Long）兩位共和黨溫和派議員提出在五年內增加80億美元的帶病投保補助後，獲得溫和派的支持，掃除了法案在眾院過關的最後障礙。【中央社／華盛頓4日綜合外電】美國國會眾議院今天以些微差距通過廢除前總統歐巴馬時代健保法的主要內容，以共和黨版的新健保法取代，象徵共和黨籍總統川普贏得了重大的立法勝利，但在參院可能面臨苦戰。眾院表決時有217票贊成和213票反對，共和黨陣營正好取得足夠票數通過法案，接下來將送參議院審議。川普上任後致力推翻成為歐巴馬任內標誌的歐記健保（Obamacare），在前一次表決法案遭到挫敗後，川普投注自家政治資本支持法案，卯足全力與國會議員會面、打電話爭取支持。立場搖擺的溫和派共和黨議員原本擔心，推翻在2010年通過的歐記健保，恐將造成許多原本已有健康問題者失去醫療保險。但在與川普會面、提出妥協方案後，已轉為支持法案。上個月讓川普健保法案踢到鐵板的關鍵要角、保守的眾議院自由黨團（Freedom Caucus）也表示，他們這次可能支持新版法案，讓這項立法更加前景光明。不過，即便法案在眾議院通過，到參議院後還有一番艱辛路程，因為眾院版本的法案恐難獲得共和黨參議員支持。上月撤案後，川普原本表示不玩了，改推稅改法案，但後來發覺稅改法案的阻力更大，又回頭推健保法案。而眾院共和黨提出的新版健保法案，在厄普頓（Fred Upton）與朗恩（Billy Long）兩位共和黨溫和派議員提出在五年內增加80億美元的帶病投保補助後，獲得溫和派的支持，掃除了法案在眾院過關的最後障礙。【中央社／華盛頓4日綜合外電】美國國會眾議院今天以些微差距通過廢除前總統歐巴馬時代健保法的主要內容，以共和黨版的新健保法取代，象徵共和黨籍總統川普贏得了重大的立法勝利，但在參院可能面臨苦戰。眾院表決時有217票贊成和213票反對，共和黨陣營正好取得足夠票數通過法案，接下來將送參議院審議。川普上任後致力推翻成為歐巴馬任內標誌的歐記健保（Obamacare），在前一次表決法案遭到挫敗後，川普投注自家政治資本支持法案，卯足全力與國會議員會面、打電話爭取支持。立場搖擺的溫和派共和黨議員原本擔心，推翻在2010年通過的歐記健保，恐將造成許多原本已有健康問題者失去醫療保險。但在與川普會面、提出妥協方案後，已轉為支持法案。上個月讓川普健保法案踢到鐵板的關鍵要角、保守的眾議院自由黨團（Freedom Caucus）也表示，他們這次可能支持新版法案，讓這項立法更加前景光明。不過，即便法案在眾議院通過，到參議院後還有一番艱辛路程，因為眾院版本的法案恐難獲得共和黨參議員支持。
udn2017050502070,歐股走高 法大選前股市強勢勁揚,2017/05/05 02:07,歐洲主要股市今天同步收紅，主因法國7日即將舉行總統大選決選投票，而聲勢領先的中間派候選人馬克宏（Emmanuel Macron）獲看好將贏得這場關鍵選舉。法國股市表現超越其他歐洲股市，巴黎股市CAC 40指數終場大漲1.4%，收在5372.42點，創下2008年以來的最高水準。法蘭克福股市DAX 30指數上漲1.0%，收在12647.78點；倫敦股市金融時報百種股價指數（FTSE 100）上揚0.2%，收在7248.10點。歐洲主要股市今天同步收紅，主因法國7日即將舉行總統大選決選投票，而聲勢領先的中間派候選人馬克宏（Emmanuel Macron）獲看好將贏得這場關鍵選舉。法國股市表現超越其他歐洲股市，巴黎股市CAC 40指數終場大漲1.4%，收在5372.42點，創下2008年以來的最高水準。法蘭克福股市DAX 30指數上漲1.0%，收在12647.78點；倫敦股市金融時報百種股價指數（FTSE 100）上揚0.2%，收在7248.10點。
udn2017050501500,歐巴馬錄製影片 表態支持「法版歐巴馬」馬克宏,2017/05/05 01:50,而馬克宏的對手瑪蘅．雷朋有「女版川普」之稱，因此7日的法國總統決選是「法版歐巴馬」對決「女版川普」。川普可能認為雷朋贏面不大，未正式表態支持她。馬克宏陣營4日流傳歐巴馬錄製的影片，他在影片中說：「我很欣賞馬克宏打的選戰，他捍衛自由派價值，提出法國在歐洲和世界扮演重要角色的願景，他許給法國人民一個更美好的未來。他訴諸人民的希望，而不是他們的恐懼。」歐巴馬說：「我現在沒打算介入很多選舉，我本人也不必再選，但法國選舉對法國的未來，以及我們珍視的價值觀太重要了。」美國前總統在外國選舉中表態支持某一候選人十分罕見，美國前總統柯林頓2006年曾表態支持英國首相布朗。在法國大選第一輪投票前夕，歐巴馬打電話給馬克宏，祝他好運，但未正式表態支持他。 而馬克宏的對手瑪蘅．雷朋有「女版川普」之稱，因此7日的法國總統決選是「法版歐巴馬」對決「女版川普」。川普可能認為雷朋贏面不大，未正式表態支持她。馬克宏陣營4日流傳歐巴馬錄製的影片，他在影片中說：「我很欣賞馬克宏打的選戰，他捍衛自由派價值，提出法國在歐洲和世界扮演重要角色的願景，他許給法國人民一個更美好的未來。他訴諸人民的希望，而不是他們的恐懼。」歐巴馬說：「我現在沒打算介入很多選舉，我本人也不必再選，但法國選舉對法國的未來，以及我們珍視的價值觀太重要了。」美國前總統在外國選舉中表態支持某一候選人十分罕見，美國前總統柯林頓2006年曾表態支持英國首相布朗。在法國大選第一輪投票前夕，歐巴馬打電話給馬克宏，祝他好運，但未正式表態支持他。 
udn2017050501200,中資非法入侵大同 被金管會擋下,2017/05/05 01:20,約20~30億元大陸資金非法透過香港台資券商，大舉買進大同股票，並與市場派結盟爭奪經營權，被金管會查獲。金管會已拍板定案，陸資持有的大同股權「不得有投票權」，將大舉削弱市場派實力，牽動大同董監改選結果，也為日後可能發生的陸資非法掌握股權留下歷史性判例。金管會高度重視此案，除了此為國內首宗陸資非法投資股市的案件，買進標的又是足以象徵台灣的百年老企業大同，而且還介入敏感的經營權之爭；一旦處置失當，大同變成「中資企業」，恐引發巨大的政治效應。因此，金管會趕在下周四（5月11日）大同股東常會前，做出陸資不得有投票權的關鍵決定，力圖將爭議降至最低。據了解，近一個月來，金管會透過各種管道追查，去年9月起蜂擁買入大同股票的外資「究竟來自何方」，發現主要是一家具陸資背景的港商，透過永豐金證券香港子公司下單，規避陸資投資台股規定，在市場收購大同股票。金管會官員表示，依據「台灣地區與大陸地區人民關係條例」第93條之1，陸資未經主管機關許可，不得在台灣有投資行為，違者處最高60萬元罰款，並「停止其股東權利」與限期撤資，金管會就是依據這條禁止陸資有投票權，並勒令6個月內賣股離開。大同前十大股東名單中，前兩大股東分別是「永豐商業銀行受託保管永豐金證券(亞洲) 投資專戶」及「兆豐銀託管香港金融數據證券公司投資專戶」，持股高達9%與7%，比公司派的最大股東「大同大學」6.19%還多。市場人士說，這兩個帳戶並非大同的老外資，而是去年9月「突然冒出的」，引發公司質疑是「假外資」或「陸資」，趕緊向金管會檢舉，檢調也展開調查是否有炒股。市場派少了陸資助陣，應選九席中原本可以穩穩拿三席，如今出現變數，市場預估至少會少一席。至於違法幫陸資下單的永豐金證券香港子公司，由於最近也踩到中國輝山乳業地雷，官員表示，兩案將併案處理。由於不斷爆發重大缺失，很可能面臨撤照命運。約20~30億元大陸資金非法透過香港台資券商，大舉買進大同股票，並與市場派結盟爭奪經營權，被金管會查獲。金管會已拍板定案，陸資持有的大同股權「不得有投票權」，將大舉削弱市場派實力，牽動大同董監改選結果，也為日後可能發生的陸資非法掌握股權留下歷史性判例。金管會高度重視此案，除了此為國內首宗陸資非法投資股市的案件，買進標的又是足以象徵台灣的百年老企業大同，而且還介入敏感的經營權之爭；一旦處置失當，大同變成「中資企業」，恐引發巨大的政治效應。因此，金管會趕在下周四（5月11日）大同股東常會前，做出陸資不得有投票權的關鍵決定，力圖將爭議降至最低。據了解，近一個月來，金管會透過各種管道追查，去年9月起蜂擁買入大同股票的外資「究竟來自何方」，發現主要是一家具陸資背景的港商，透過永豐金證券香港子公司下單，規避陸資投資台股規定，在市場收購大同股票。金管會官員表示，依據「台灣地區與大陸地區人民關係條例」第93條之1，陸資未經主管機關許可，不得在台灣有投資行為，違者處最高60萬元罰款，並「停止其股東權利」與限期撤資，金管會就是依據這條禁止陸資有投票權，並勒令6個月內賣股離開。大同前十大股東名單中，前兩大股東分別是「永豐商業銀行受託保管永豐金證券(亞洲) 投資專戶」及「兆豐銀託管香港金融數據證券公司投資專戶」，持股高達9%與7%，比公司派的最大股東「大同大學」6.19%還多。市場人士說，這兩個帳戶並非大同的老外資，而是去年9月「突然冒出的」，引發公司質疑是「假外資」或「陸資」，趕緊向金管會檢舉，檢調也展開調查是否有炒股。市場派少了陸資助陣，應選九席中原本可以穩穩拿三席，如今出現變數，市場預估至少會少一席。至於違法幫陸資下單的永豐金證券香港子公司，由於最近也踩到中國輝山乳業地雷，官員表示，兩案將併案處理。由於不斷爆發重大缺失，很可能面臨撤照命運。
udn2017050501170,兩個女人「打」回選區 管媽、黃昭順誰掐誰？,2017/05/05 01:17,為了前瞻基礎建設特別條例草案，藍綠立委4日在立法院「鬧」成一團，有人掛彩；要爭取民進黨提名參選下屆高雄市長的立委管碧玲4日晚間在高雄市旗津區舉辦基層新市力說明會時，向到場的數百名民眾控訴遭同為高雄市籍立委的國民黨黃昭順咬、用指甲掐。黃昭順得知消息時反批管碧玲是「打人的喊救命」。管碧玲為了民進黨高雄市長初選，展開基層新市力說明會，旗津場之前已辦過7場。旗津場在福壽宮前廣場進行，廣場坐滿當地居民為她加油打氣。「管媽」歷數自己在高雄市政府任職時為地方爭取的許多建設，例如協調高雄軟體科學園區繼續建置，並向旗津居民喊出爭取黃線捷運延伸到旗津的政見。她談到高雄的軌道工程、行政院的前瞻基礎建設，話鋒一轉，向旗津人「控」4日在立法院審前瞻基礎建設特別條例草案時，因國民黨立委杯葛，立院議事無法進行，在一片混亂中，黃昭順咬她，也用指甲掐傷她。對於管碧玲的指控，黃昭順表示，有照片為證，是管碧玲上前拉住她脖子上的哨子繩，害她喘不過氣來，她為了保命，才用力甩開管碧玲的手，拉扯間指甲是戳到管的手。「是為了拚初選民調吧？」黃昭順說，她和陳宜民是國民黨在高雄市的兩席不分區立委，感覺上民進黨要參加高雄市長選舉黨內初選的立委好像不時拿他們兩人作文章，但這一次，她有照片為證，誰在立院受傷的、怎麼受傷的，都可受公評，她4日被民進黨立委衝撞，身上多處瘀青，才是受傷者。為了前瞻基礎建設特別條例草案，藍綠立委4日在立法院「鬧」成一團，有人掛彩；要爭取民進黨提名參選下屆高雄市長的立委管碧玲4日晚間在高雄市旗津區舉辦基層新市力說明會時，向到場的數百名民眾控訴遭同為高雄市籍立委的國民黨黃昭順咬、用指甲掐。黃昭順得知消息時反批管碧玲是「打人的喊救命」。管碧玲為了民進黨高雄市長初選，展開基層新市力說明會，旗津場之前已辦過7場。旗津場在福壽宮前廣場進行，廣場坐滿當地居民為她加油打氣。「管媽」歷數自己在高雄市政府任職時為地方爭取的許多建設，例如協調高雄軟體科學園區繼續建置，並向旗津居民喊出爭取黃線捷運延伸到旗津的政見。她談到高雄的軌道工程、行政院的前瞻基礎建設，話鋒一轉，向旗津人「控」4日在立法院審前瞻基礎建設特別條例草案時，因國民黨立委杯葛，立院議事無法進行，在一片混亂中，黃昭順咬她，也用指甲掐傷她。對於管碧玲的指控，黃昭順表示，有照片為證，是管碧玲上前拉住她脖子上的哨子繩，害她喘不過氣來，她為了保命，才用力甩開管碧玲的手，拉扯間指甲是戳到管的手。「是為了拚初選民調吧？」黃昭順說，她和陳宜民是國民黨在高雄市的兩席不分區立委，感覺上民進黨要參加高雄市長選舉黨內初選的立委好像不時拿他們兩人作文章，但這一次，她有照片為證，誰在立院受傷的、怎麼受傷的，都可受公評，她4日被民進黨立委衝撞，身上多處瘀青，才是受傷者。
udn2017050500390,眾院表決健保法案前 美股開盤持平,2017/05/05 00:39,在美國國會預期將針對健保法案進行表決之前，華爾街股市今天早盤維持平盤走勢。美股開盤大約15分鐘後，道瓊工業指數小幅上漲，來到20960.62點。標準普爾指數微漲，來到2388.39點；科技股那斯達克指數小跌0.1%，來到6067.94點。在美國國會預期將針對健保法案進行表決之前，華爾街股市今天早盤維持平盤走勢。美股開盤大約15分鐘後，道瓊工業指數小幅上漲，來到20960.62點。標準普爾指數微漲，來到2388.39點；科技股那斯達克指數小跌0.1%，來到6067.94點。
udn2017050500370,蔣臨沂返台推「寧靜革命」 接機民眾與警推擠,2017/05/05 00:37,自稱「平師」的蔣臨沂上月底在美國出席支持吳敦義活動後，宣稱他將返回台灣立法院外絕食抗議，晚上蔣臨沂搭乘CI-005班機返台，來自雲林與彰化的退休軍公教人員約六十人搭乘兩輛巴士到桃園機場接機，他在機場發表「寧靜革命」宣言，希望「不合作的力量會裂解邪惡的頑石政權，…讓寧靜革命的信念與行動重振中華民族！」蔣臨沂目前六十五歲，長期旅居美國，是美國中華正統基金會的發起人，他表示，這次的寧靜革命希望以「錯亂報稅」及「絕食」的方式來抗議，只要2百萬人採取錯亂報稅打亂稅收，就能拖垮蔡政府。有六十位退休軍公教人員前來聲援，航警局出動約150名警力維持秩序，這批群眾一下車就在停車場跟警方發生推擠衝突，試圖穿著「寧靜革命」的T恤直接衝入機場內，由於桃園機場是集會遊行的「禁止地區」，警方第一次舉牌警告，在與警方協調後，這些退休人員進入入境大廳接機，蔣臨沂與接機民眾會合後，在入境大廳外高喊「小英下台」、「人民團結」與「台灣萬歲」，警方這時第二次舉牌警告，蔣臨沂與聲援群眾立刻解散離去。自稱「平師」的蔣臨沂上月底在美國出席支持吳敦義活動後，宣稱他將返回台灣立法院外絕食抗議，晚上蔣臨沂搭乘CI-005班機返台，來自雲林與彰化的退休軍公教人員約六十人搭乘兩輛巴士到桃園機場接機，他在機場發表「寧靜革命」宣言，希望「不合作的力量會裂解邪惡的頑石政權，…讓寧靜革命的信念與行動重振中華民族！」蔣臨沂目前六十五歲，長期旅居美國，是美國中華正統基金會的發起人，他表示，這次的寧靜革命希望以「錯亂報稅」及「絕食」的方式來抗議，只要2百萬人採取錯亂報稅打亂稅收，就能拖垮蔡政府。有六十位退休軍公教人員前來聲援，航警局出動約150名警力維持秩序，這批群眾一下車就在停車場跟警方發生推擠衝突，試圖穿著「寧靜革命」的T恤直接衝入機場內，由於桃園機場是集會遊行的「禁止地區」，警方第一次舉牌警告，在與警方協調後，這些退休人員進入入境大廳接機，蔣臨沂與接機民眾會合後，在入境大廳外高喊「小英下台」、「人民團結」與「台灣萬歲」，警方這時第二次舉牌警告，蔣臨沂與聲援群眾立刻解散離去。
udn2017050500320,台旅會北京辦7歲了 奮力向前拚觀光,2017/05/05 00:32,台旅會北京辦事處今天舉辦成立7週年活動，授旗16名中國大陸旅遊達人6月赴台體驗深度遊。台旅會北京辦事處主任楊瑞宗說，將繼續奮力向前推展台灣觀光，不受陸客多少影響。台灣海峽兩岸觀光旅遊協會北京辦事處下午舉辦成立7週年及旅遊達人授旗活動。台旅會會長周永暉雖未到場，但親筆提詞「智慧創新須有成、旅遊優質搶先行、交流兩岸觀光業、體驗人生寶島情」贈予北京辦事處。台旅會顧問洪東濤表示，周永暉期盼未來兩岸旅遊產品更多元，多開創一些分區遊、主題遊等深度體驗產品，並藉此轉型期加強提升在台旅遊的質與量。被問及520後推廣旅遊考驗是否更大，楊瑞宗表示，就推展行銷觀光而言，「520對我們來講沒有什麼特別的意義，我們每天都是努力地、腳踏實地地奮力向前」。他表示，站在台灣的立場，當然希望中國大陸多開放赴台自由行的城市，但這須經兩岸觀光「小兩會」協商。北京辦事處作為執行單位，任務就是「把我們的好山、好水、好人情推展給我們大陸的好朋友」。楊瑞宗說，台旅會行銷重點鎖定自由行陸客，因此徵選16名旅遊達人當種子，但同樣兼顧團客的主題旅遊、分區旅遊等優質行程。「我們的推動不受陸客多或少，或是其他形勢有所影響。」這些旅遊達人預定6月中下旬赴台體驗深度旅遊，計劃10月在中國大陸5所大專院校舉辦分享會，和更多年輕學生和喜愛自由行的族群面對面交流。今年初赴台旅遊直播吸引逾2000萬人次的許川說，很多人透過直播影像和聲音見到寧夏夜市、鹽水蜂炮。6月將再度赴台直播的他粉絲已破1000萬，這次打算介紹台南「度小月擔仔麵」的故事給大陸網友。台旅會北京辦事處今天舉辦成立7週年活動，授旗16名中國大陸旅遊達人6月赴台體驗深度遊。台旅會北京辦事處主任楊瑞宗說，將繼續奮力向前推展台灣觀光，不受陸客多少影響。台灣海峽兩岸觀光旅遊協會北京辦事處下午舉辦成立7週年及旅遊達人授旗活動。台旅會會長周永暉雖未到場，但親筆提詞「智慧創新須有成、旅遊優質搶先行、交流兩岸觀光業、體驗人生寶島情」贈予北京辦事處。台旅會顧問洪東濤表示，周永暉期盼未來兩岸旅遊產品更多元，多開創一些分區遊、主題遊等深度體驗產品，並藉此轉型期加強提升在台旅遊的質與量。被問及520後推廣旅遊考驗是否更大，楊瑞宗表示，就推展行銷觀光而言，「520對我們來講沒有什麼特別的意義，我們每天都是努力地、腳踏實地地奮力向前」。他表示，站在台灣的立場，當然希望中國大陸多開放赴台自由行的城市，但這須經兩岸觀光「小兩會」協商。北京辦事處作為執行單位，任務就是「把我們的好山、好水、好人情推展給我們大陸的好朋友」。楊瑞宗說，台旅會行銷重點鎖定自由行陸客，因此徵選16名旅遊達人當種子，但同樣兼顧團客的主題旅遊、分區旅遊等優質行程。「我們的推動不受陸客多或少，或是其他形勢有所影響。」這些旅遊達人預定6月中下旬赴台體驗深度旅遊，計劃10月在中國大陸5所大專院校舉辦分享會，和更多年輕學生和喜愛自由行的族群面對面交流。今年初赴台旅遊直播吸引逾2000萬人次的許川說，很多人透過直播影像和聲音見到寧夏夜市、鹽水蜂炮。6月將再度赴台直播的他粉絲已破1000萬，這次打算介紹台南「度小月擔仔麵」的故事給大陸網友。
udn2017050500290,英女王的男人將退休 菲立普親王大事記,2017/05/05 00:29,菲立普出生於希臘小島科孚（Corfu），為希臘和丹麥王子。在他18個月大時，伯父希臘國王康斯坦丁一世（Constantine II）被迫退位，他被裝進1個用來裝橘子的箱子，離開希臘。在第2次世界大戰爆發前，菲立普在蘇格蘭高登斯頓（gordonstoun）學校完成學業，加入英國海軍。菲立普在東京灣見證日本投降。二戰期間在軍中服役的他曾參與克里特島戰役（Battle of Crete）和馬塔潘角海戰（Battle of Cape Matapan），以及盟軍攻入西西里島（Sicily）行動。菲立普與伊麗莎白公主舉行盛大婚禮，為英國掃除了二戰後的陰霾。菲立普1939年見到遠房表親伊麗莎白，兩人在戰爭期間仍保持聯繫。菲立普聲明放棄希臘和丹麥王子頭銜，在婚禮前不久受封為愛丁堡公爵（Dukeof Edinburgh）。英王喬治六世（George VI）驟逝，當時人在非洲肯亞訪問的伊麗莎白公主登基成為女王。菲立普被迫放棄海軍生涯。菲立普設立愛丁堡公爵獎（Duke of Edinburgh's Award），旨在鼓勵青少年獨立自主及為社會效力，吸引數以百萬計年輕人參加評比。菲立普親王與女王歡慶金婚紀念日。伊麗莎白二世罕見地公開向他致意，說「他是那種不輕易給予讚美的人，但簡單來說，這些年來，他一直是我的力量和支柱」。菲立普親王超越英王喬治三世（George III）的妻子夏綠蒂王后（Queen Charlotte），成為英國史上保持君主配偶身分時間最長的人。為慶祝菲立普親王90大壽，伊麗莎白二世將英國海軍名義首長海軍大臣（Lord High Admiral）職銜授予夫婿。白金漢宮宣布菲立普親王今年稍後開始將不再執行王室任務。菲立普出生於希臘小島科孚（Corfu），為希臘和丹麥王子。在他18個月大時，伯父希臘國王康斯坦丁一世（Constantine II）被迫退位，他被裝進1個用來裝橘子的箱子，離開希臘。在第2次世界大戰爆發前，菲立普在蘇格蘭高登斯頓（gordonstoun）學校完成學業，加入英國海軍。菲立普在東京灣見證日本投降。二戰期間在軍中服役的他曾參與克里特島戰役（Battle of Crete）和馬塔潘角海戰（Battle of Cape Matapan），以及盟軍攻入西西里島（Sicily）行動。菲立普與伊麗莎白公主舉行盛大婚禮，為英國掃除了二戰後的陰霾。菲立普1939年見到遠房表親伊麗莎白，兩人在戰爭期間仍保持聯繫。菲立普聲明放棄希臘和丹麥王子頭銜，在婚禮前不久受封為愛丁堡公爵（Dukeof Edinburgh）。英王喬治六世（George VI）驟逝，當時人在非洲肯亞訪問的伊麗莎白公主登基成為女王。菲立普被迫放棄海軍生涯。菲立普設立愛丁堡公爵獎（Duke of Edinburgh's Award），旨在鼓勵青少年獨立自主及為社會效力，吸引數以百萬計年輕人參加評比。菲立普親王與女王歡慶金婚紀念日。伊麗莎白二世罕見地公開向他致意，說「他是那種不輕易給予讚美的人，但簡單來說，這些年來，他一直是我的力量和支柱」。菲立普親王超越英王喬治三世（George III）的妻子夏綠蒂王后（Queen Charlotte），成為英國史上保持君主配偶身分時間最長的人。為慶祝菲立普親王90大壽，伊麗莎白二世將英國海軍名義首長海軍大臣（Lord High Admiral）職銜授予夫婿。白金漢宮宣布菲立普親王今年稍後開始將不再執行王室任務。
udn2017050500000,今日星座運勢／魔羯 宗教信仰要適度、閱讀有益,2017/05/05 00:00,五月五日（五）★ 幸運色：綠色★ 幸運物：健康飲食★ 幸運方位：東北方★ 幸運地點：工作職場有睡眠問題或過去沒有好好照顧身體的牡羊容易出現健康警訊。只要健康沒問題，工作職場上是效率不錯、完成度高的一天。★ 幸運色：橘色★ 幸運物：具有熱情的事物★ 幸運方位：東方★ 幸運地點：自己喜愛的地點今天有些在意他人是否看重自己、在一個團隊裡自己是否有足夠的份量與存在感。部分金牛也會對於生命中的熱情感到茫然。今天正是發掘內在的愛與熱情的時刻。★ 幸運色：淡藍綠色★ 幸運物：靜心音樂★ 幸運方位：西南方★ 幸運地點：瑜伽會館 今天屬於有些自閉的狀態。但並非不好，而是將焦點放回內在，清楚覺知目前的生活與事業是否對自己的生命有意義。★ 幸運色：寶藍色★ 幸運物：書籍或電影★ 幸運方位：西方★ 幸運地點：書店或電影院今天很適合透過覺知性的對話、閱讀、或看一部感受性強的電影，也可以讓自己對生命及目前的生活變得更加覺知。缺乏覺知力的巨蟹容易有思考不清或說錯話、文件出問題的傾向。★ 幸運色：金黃色★ 幸運物：知足便是富足★ 幸運方位：西南方★ 幸運地點：明亮的空間對於自己目前生活中擁有的事物特別敏感，也可能產生不滿足想要追求更多的渴望。如果將此渴望轉化成動力是好的，但如果慾望過多過大，便容易形成貪婪或情緒情感的黑洞。★ 幸運色：綠色★ 幸運物：芬多精★ 幸運方位：西北方★ 幸運地點：大自然情緒有較為敏感的狀態。部分處女座容易感覺自己為他人為另一半犧牲太多而產生情緒。有機會抽絲剝繭去覺察自己內心的情緒，但不要將自己放在受害者的角色上。★ 幸運色：海藍色★ 幸運物：接納★ 幸運方位：南方★ 幸運地點：視野開闊的空間不少天秤此刻需要更多一些寧靜獨處的時刻，讓自己更放鬆，更學會何謂臣服，接受自己以及周遭他人目前的狀態。★ 幸運色：綠色★ 幸運物：心態的平衡★ 幸運方位：東南方★ 幸運地點：健康蔬食餐廳今天容易面對到如何在團隊與個人之間獲得平衡。多為他人著想的同時，可能犧牲了某部分的自我。有時候不能太短視近利，但也不能過度退讓。★ 幸運色：橄欖綠★ 幸運物：高地薰衣草精油★ 幸運方位：東方★ 幸運地點：SPA不少射手需要很真實的感覺是否有某個聲音正在試著告訴你目前你正處於耗竭的狀態。要避免因為面子或責任而讓自己的身心處於過度耗盡的狀態。★ 幸運色：紫紅色★ 幸運物：小點心★ 幸運方位：西北方★ 幸運地點：聚餐場合對於政治、媒體新聞報導的過度關心有可能造成自己意識上的過度擔憂甚至混亂。宗教信仰也需適度，避免過度依賴。敞開的與人互動和適當的閱讀有益身心。★ 幸運色：淡金色★ 幸運物：真善美的特質★ 幸運方位：北方★ 幸運地點：音樂餐廳目前親密關係的狀態、是否感覺到被愛、或者是銀行中的存款數字，可能成為你感覺自己自我價值的框架。建議放掉這樣的框架，找出自己性格中最具真善美的特質，肯定自我。★ 幸運色：黃色★ 幸運物：陽光★ 幸運方位：東方★ 幸運地點：明亮的空間你的夢想有很大一部分來自於他人對你的信任與支持。多去感受與同理他人的狀態，敞開自己的心，未來的路會更寬廣。五月五日（五）★ 幸運色：綠色★ 幸運物：健康飲食★ 幸運方位：東北方★ 幸運地點：工作職場有睡眠問題或過去沒有好好照顧身體的牡羊容易出現健康警訊。只要健康沒問題，工作職場上是效率不錯、完成度高的一天。★ 幸運色：橘色★ 幸運物：具有熱情的事物★ 幸運方位：東方★ 幸運地點：自己喜愛的地點今天有些在意他人是否看重自己、在一個團隊裡自己是否有足夠的份量與存在感。部分金牛也會對於生命中的熱情感到茫然。今天正是發掘內在的愛與熱情的時刻。★ 幸運色：淡藍綠色★ 幸運物：靜心音樂★ 幸運方位：西南方★ 幸運地點：瑜伽會館 今天屬於有些自閉的狀態。但並非不好，而是將焦點放回內在，清楚覺知目前的生活與事業是否對自己的生命有意義。★ 幸運色：寶藍色★ 幸運物：書籍或電影★ 幸運方位：西方★ 幸運地點：書店或電影院今天很適合透過覺知性的對話、閱讀、或看一部感受性強的電影，也可以讓自己對生命及目前的生活變得更加覺知。缺乏覺知力的巨蟹容易有思考不清或說錯話、文件出問題的傾向。★ 幸運色：金黃色★ 幸運物：知足便是富足★ 幸運方位：西南方★ 幸運地點：明亮的空間對於自己目前生活中擁有的事物特別敏感，也可能產生不滿足想要追求更多的渴望。如果將此渴望轉化成動力是好的，但如果慾望過多過大，便容易形成貪婪或情緒情感的黑洞。★ 幸運色：綠色★ 幸運物：芬多精★ 幸運方位：西北方★ 幸運地點：大自然情緒有較為敏感的狀態。部分處女座容易感覺自己為他人為另一半犧牲太多而產生情緒。有機會抽絲剝繭去覺察自己內心的情緒，但不要將自己放在受害者的角色上。★ 幸運色：海藍色★ 幸運物：接納★ 幸運方位：南方★ 幸運地點：視野開闊的空間不少天秤此刻需要更多一些寧靜獨處的時刻，讓自己更放鬆，更學會何謂臣服，接受自己以及周遭他人目前的狀態。★ 幸運色：綠色★ 幸運物：心態的平衡★ 幸運方位：東南方★ 幸運地點：健康蔬食餐廳今天容易面對到如何在團隊與個人之間獲得平衡。多為他人著想的同時，可能犧牲了某部分的自我。有時候不能太短視近利，但也不能過度退讓。★ 幸運色：橄欖綠★ 幸運物：高地薰衣草精油★ 幸運方位：東方★ 幸運地點：SPA不少射手需要很真實的感覺是否有某個聲音正在試著告訴你目前你正處於耗竭的狀態。要避免因為面子或責任而讓自己的身心處於過度耗盡的狀態。★ 幸運色：紫紅色★ 幸運物：小點心★ 幸運方位：西北方★ 幸運地點：聚餐場合對於政治、媒體新聞報導的過度關心有可能造成自己意識上的過度擔憂甚至混亂。宗教信仰也需適度，避免過度依賴。敞開的與人互動和適當的閱讀有益身心。★ 幸運色：淡金色★ 幸運物：真善美的特質★ 幸運方位：北方★ 幸運地點：音樂餐廳目前親密關係的狀態、是否感覺到被愛、或者是銀行中的存款數字，可能成為你感覺自己自我價值的框架。建議放掉這樣的框架，找出自己性格中最具真善美的特質，肯定自我。★ 幸運色：黃色★ 幸運物：陽光★ 幸運方位：東方★ 幸運地點：明亮的空間你的夢想有很大一部分來自於他人對你的信任與支持。多去感受與同理他人的狀態，敞開自己的心，未來的路會更寬廣。
